Sample	compendium_version	recorded_protocol_version
TH34_1149_S02	compendium-v7	treehouse-protocol-11.1.0-3c51aa2
TH34_1150_S02	compendium-v8	treehouse-protocol-13.0.0-874aacd
TH34_1162_S01	compendium-v7	treehouse-protocol-11.0.0-59e38ed
TH34_1163_S01	compendium-v7	treehouse-protocol-11.0.0-59e38ed
TH34_1179_S01	compendium-v7	treehouse-protocol-11.1.0-3c51aa2
TH34_1238_S01	compendium-v7	treehouse-protocol-11.1.0-3c51aa2
TH34_1239_S01	compendium-v7	treehouse-protocol-11.1.0-3c51aa2
TH34_1240_S01	compendium-v7	treehouse-protocol-11.1.0-3c51aa2
TH34_1349_S01	compendium-v8	treehouse-protocol-12.0.0-9a30111
TH34_1349_S02	compendium-v8	treehouse-protocol-12.0.0-9a30111
TH34_1350_S01	compendium-v8	treehouse-protocol-13.0.0-874aacd
TH34_1351_S01	compendium-v8	treehouse-protocol-13.0.0-874aacd
TH34_1352_S01	compendium-v8	treehouse-protocol-13.0.0-874aacd
TH34_1379_S01	compendium-v8	treehouse-protocol-13.0.0-874aacd.2
TH34_1380_S01	compendium-v8	treehouse-protocol-13.0.0-874aacd
TH34_1381_S01	compendium-v8	treehouse-protocol-13.0.0-874aacd
TH34_1399_S01	compendium-v8	treehouse-protocol-14.0.0-6145d74
TH34_1400_S01	compendium-v8	treehouse-protocol-14.0.1-765565a
TH34_1412_S01	compendium-v8	treehouse-protocol-14.0.1-424fac7
TH34_1414_S01	compendium-v8	treehouse-protocol-14.0.1-765565a
TH34_1415_S01	compendium-v8	treehouse-protocol-14.0.1-765565a
TH34_1444_S01	compendium-v8	treehouse-protocol-14.0.1-765565a.1
TH34_1445_S02	compendium-v9	treehouse-protocol-14.0.1-765565a
TH34_1446_S01	compendium-v9	treehouse-protocol-14.0.1-765565a
TH34_1447_S01	compendium-v9	treehouse-protocol-14.0.1-765565a
TH34_1447_S02	compendium-v9	treehouse-protocol-14.0.1-765565a
TH34_1452_S01	compendium-v9	treehouse-protocol-14.0.1-765565a
TH34_1455_S01	compendium-v9	treehouse-protocol-14.0.1-765565a
TH34_1456_S02	compendium-v9	treehouse-protocol-14.2.0-806be19
TH34_2292_S01	compendium-v10_polya	treehouse-protocol-14.4.0-e4460c5
TH34_2293_S01	compendium-v10_polya	treehouse-protocol-14.4.0-e4460c5
TH34_2351_S01	compendium-v10_polya	treehouse-protocol-14.4.0-e4460c5
TH34_2410_S01	compendium-v11_polya	treehouse-care-0.17.1.0-8107fe7.1
TH34_2411_S01	compendium-v11_polya	treehouse-care-0.17.1.0-8107fe7
TH34_2666_S01	compendium-v11_polya	treehouse-care-0.17.1.0-8107fe7
