TH34_1150_S02-v8-lowstringency_pd_outliers	ACAD9	ADAM33	AHI1	AHNAK2	AL132780.1	AMPD2	ANKRD10	ARL17A	BCL6	BRPF3	BTG3	BZRAP1	CD46	CDK9	CDKN1B	CEP57	CEP95	CH17-232I21.1	CIC	CNOT2	CTD-2270P14.1	DAAM2	DDR1	DDX42	DIDO1	DMTF1	DUSP22	DYNC2LI1	DYNLL2	EFS	ELF2	EOGT	EPCAM	EWSR1	EXOC6B	FAM219B	FBXO11	FNBP4	FPGS	FTSJ3	GOLGA8N	GOSR2	GREB1	GREM1	HHIP-AS1	HIST1H2BG	HOXB8	IGLV3-25	KANSL1	KIAA0907	LDB1	LRCH3	LTBP3	LTBP4	LUC7L3	MAPK13	MEIS3	MFGE8	MIR124-2HG	MOXD1	MRPL10	NAPSA	NME1-NME2	NOB1	NPEPPS	NUDCD2	NUP93	PAGR1	PAXBP1	PCSK1	PLEKHA7	PLEKHH2	PPFIA1	PRDM2	PTPRR	RBBP6	RBL2	RCN2	RERG	RERGL	RHBDD3	RNA5SP187	RP11-156P1.3	RP11-575L7.8	RSAD1	SCN1A	SCN3A	SFTPA1	SFTPA2	SFTPB	SFTPC	SIAH3	SLC6A15	SLPI	SNHG1	SNHG14	SNHG7	SNRPGP4	STAG3L1	STAG3L2	STAG3L3	STON1	STRADA	TBKBP1	TCTEX1D1	TLK2	TMEM161B-AS1	TMEM164	TNRC6A	TTC21B	TUBB2B	USPL1	VEZF1	VSIG10	WSB1	Y_RNA	ZBED5	ZBTB1	ZBTB43	ZDHHC17	ZNF300P1	ZNF397	ZNF580
TH34_1162_S01-v7-lowstringency_pd_outliers	ABHD6	AC005943.6	ACACB	ACP5	ADGRG2	ADPGK	ALG9	AP1B1	AP2S1	AP4B1	APOC1	APOC4-APOC2	ARAP1	ARFRP1	ARHGAP17	ARRB2	ARTN	ASAH1	ASGR1	ATG16L2	ATP1A1	ATP5E	BLVRB	C1orf162	C1orf61	C2	CCDC171	CCK	CD14	CD163	CD37	CD52	CD53	CD68	CDH23	CDH24	CEACAM21	CEACAM6	CECR1	CES1	CFD	CMTM3	COG7	COL9A3	CORO1A	CORO7	CREG1	CSF1R	CSF3R	CSTB	CTC-575D19.1	CTSA	CTSB	CTSD	CTSL	CTSS	CTSZ	CYP1B1	CYP26B1	CYP4F22	D2HGDH	DAPK1	DCHS2	DLG2	DUOX2	DUOXA2	FABP4	FAM118A	FAM156B	FAM65C	FAM96A	FANCA	FCER1G	FCGRT	FEZF1-AS1	FPR3	FREM1	FRG2FP	FTL	FUCA1	GLCE	GLG1	GLUL	GM2A	GMFG	GNG10	GNPDA1	GPNMB	GPR108	GPX1	GRN	GRP	HAP1	HCST	HEXA	HLA-DMA	HLA-DMB	HMOX1	HOXD10	HOXD11	HOXD9	IFI30	IL10RA	IL24	ITGAX	ITM2A	JAK1	KCNE3	KDSR	KIAA1456	KMO	LAIR1	LAMTOR4	LAPTM5	LGALS9	LGMN	LILRB4	LIPA	LIPI	LL21NC02-1C16.2	LONRF1	LOXHD1	LRCH4	LST1	MAN2B1	MCOLN1	MFSD1	MGAT1	MIER2	MPP1	MS4A4A	MS4A6A	MS4A7	MSR1	MYO9B	NAGK	NEUROD6	NKX2-2	NPC2	NPL	NPW	NR0B1	NRD1	ODF2L	P3H1	PARL	PAX7	PHKA2	PKP1	PLA2G15	PLAUR	PLD3	PLIN2	PPT1	PRKCB	PRND	PRRT4	PRSS35	PSAP	PTPN13	RASAL3	RBM11	RHOG	RNASE1	RNASE6	RNF130	RNPEPL1	RP11-1258F18.1	RP11-343H5.4	RP11-671J11.5	RP11-734K23.9	RP13-77O11.8	RP4-765C7.2	SAMHD1	SAT1	SCNN1G	SH3BGRL3	SHANK1	SIGLEC1	SIM2	SIPA1	SLC15A3	SLC17A8	SLC38A4	SLC7A7	SNX18	SPI1	SPP1	SRSF6	STAB1	SYNPR	TAF6L	TCIRG1	TIAL1	TMEM91	TNFAIP2	TRAPPC5	TRAV1-2	TREM2	TRPM4	TSPAN8	TYROBP	UACA	UBXN11	UGT3A2	VAMP8	XAGE1A	XAGE1B	XG	ZC3H13	ZDHHC3	ZNF276
TH34_1163_S01-v7-lowstringency_pd_outliers	AC005062.2	AC079781.5	ADH1C	ADM	ALG5	AP001065.15	ARGLU1	BBS2	CARKD	CDC16	CFDP1	CHURC1	CNRIP1	CRYZL1	CSAG1	CSAG2	CSAG3	CUL4A	CXCL8	DIDO1	DNAJB11	EDNRA	ERCC5	ESD	F3	FABP7	FAR2P1	FKBP5	FMO1	FP236383.7	FP236383.8	FP671120.2	FRG1	FTH1	GTF2F2	GTSF1	HMOX1	IFNGR2	ING1	JPX_1	KCNE4	KDM3A	LDHA	LONRF1	MED4	MIR210HG	MME	MMP9	MRPS22	MRPS31	MRPS35	MT-RNR1	MT1E	MTA3	MTIF3	MYF5	MYH7B	NAMPT	NDRG1	NECAP1	NHLRC3	NID2	NIFK	NOB1	OSER1	PCID2	PDGFRA	PDK4	PDS5B	PGA3	PGA4	PGA5	PLIN2	POMP	POP4	PRG4	PROCR	PTX3	RBM39	RNMT	RP11-138I1.4	RP11-229E13.4	RP11-452G18.2	RP11-467L13.4	RP4-765C7.2	RPL23AP42	RPL41P2	S1PR3	SAP18	SCARA5	SF3B6	SLC30A9	SMIM3	SNHG7	SNORA27	SNORA51	SPG20	SRP9P1	STK24	SUPT20H	TAF1D	TFPI	THOC2	TNMD	TP53I11	TPP2	TSPEAR-AS1	TSPEAR-AS2	UBE2V1	UBXN8	UFM1	UTP11L	ZFAND2A	ZFAS1	ZNF595
TH34_1179_S01-v7-lowstringency_pd_outliers	ABCD4	ABHD2	ABR	AC005083.1	AC005307.3	AC006019.3	AC159540.1	ACAP3	ACIN1	ADAMTS2	ADAMTSL2	ADCY6	ADGRA2	AFAP1L2	AGAP9	AHSA2	AKAP8L	AL442127.1	AL662801.1	ALB	ALG13	AMBN	ANKRD13D	AP003041.1	APBB3	APCDD1	ARHGEF17	ARIH2	ARMCX2	ARVCF	ASCL5	ASPSCR1	ATP11A	ATP6V0A1	ATP6V0E2	BAMBI	BBS2	BEX1	BGN	BRD8	C1orf123	C1orf127	C1orf198	C1orf54	C2CD5	C7	C9orf3	CADM1	CADPS	CALML3	CALML5	CAPRIN2	CCDC130	CCDC14	CCDC146	CCDC159	CCDC3	CCDC64	CCDC84	CCDC92	CCNL2	CCS	CD36	CDH13	CENPT	CEP95	CERK	CFH	CHGA	CHGB	CHKB	CHRNA1	CHRNA3	CIRBP	CLASP2	CLEC11A	CLK1	CLK2	CLSTN3	CNTN1	COBL	COL16A1	COL18A1	COL4A1	COL4A2	COLEC11	CPLX2	CPSF7	CPT1B	CPT1C	CRABP2	CRELD1	CRLF1	CRMP1	CSAD	CSNK1E	CST1	CYGB	DAAM2	DCAF8	DDHD2	DDX17	DDX5	DEFA5	DEFA6	DENND4B	DKK1	DKK3	DKK4	DLG4	DLX4	DMPK	DMTF1	DMXL2	DNER	DNM1	DTX3	EIF4G3	ENG	ENO2	ENTPD4	EPB41L3	ERCC3	ERVMER34-1	EVA1B	EXOC7	F2R	FAHD2B	FAM118A	FAM160B2	FAM193B	FAM200B	FAM219B	FAM3C	FAM95C	FASLG	FBLN5	FBLN7	FBXO18	FBXW4	FGD5	FGF19	FGF20	FGF3	FGFR1	FHOD3	FLCN	FNBP4	FOXS1	FRMPD1	GABBR1	GAD1	GALNT2	GAP43	GDI1	GEM	GGA1	GGT5	GIMAP5	GNAI1	GNG2	GNL1	GOLGA2	GOLGA8A	GOLGA8B	GORASP1	GRB10	GYG1	HDAC6	HERC2P2	HES4	HEYL	HKR1	HMCN1	HMP19	HNRNPH1	HOOK2	HP1BP3	HSBP1	ID3	IDS	IGFBP7	IGFN1	ING4	INHBB	INPPL1	INTS3	IP6K2	IQSEC1	ISYNA1	ITGA1	IVNS1ABP	JAG1	KANK2	KCNH2	KIAA0195	KIAA0895L	KIF1A	KIFC3	KLC1	KLC2	KREMEN1	KRT5	KSR1	LAMA2	LAMB1	LAMB2	LAMC3	LCAT	LDB1	LDB2	LEF1	LHFP	LINC00667	LINC01001	LINC01002	LINC01089	LINC01158	LINGO1	LMBR1L	LMO2	LRRC32	LTBP4	LUC7L	LUC7L3	LY6G6C	LZTR1	MADD	MALAT1	MAN2A2	MAN2C1	MAP3K12	MAP6	MAPK8IP1	MAPK8IP3	MARK3	MASP1	MAST2	MAU2	MCF2L	MEG3	METTL3	MGEA5	MGP	MIAT	MIAT_exon5_1	MIR205HG	MLLT6	MME	MPRIP	MSI2	MT-ND4L	MT-ND5	MTFR1L	MXD4	MYH7B	MZF1	NAB1	NDST2	NEIL1	NELL2	NFASC	NGFR	NID1	NISCH	NKTR	NLRP1	NOL3	NPIPA1	NRCAM	NREP	NRP1	NXPH3	OAZ2	OR51E1	OVOS2	P3H1	P4HTM	PACS1	PACS2	PAGE2B	PAGE5	PAM	PAN2	PARP6	PARVG	PCBP4	PCF11	PCGF3	PCMTD2	PDGFRB	PDLIM3	PEG10	PHC1	PHF1	PHKA2	PHLDB1	PHLDB3	PHYKPL	PIAS3	PIGG	PILRB	PIP5K1A	PITX1	PKD1	PKD1P6	PLA2G6	PLAC9	PLB1	PLEKHG2	PLK2	PLXDC1	PLXNB3	PNISR	PNMA1	POGZ	PON2	PPP6R2	PREB	PRELP	PRKCQ	PRKCQ-AS1	PRSS56	PSMA3-AS1	PSTPIP1	PTCD3	PTCH1	PTOV1	QSOX2	RAB24	RASL11B	RBM25	RBM5	RBM6	RCAN2	RGL3	RGS11	RGS12	RGS5	RIMBP2	RIMKLA	RNF11	ROBO1	RP11-116G8.5	RP11-1212A22.1	RP11-20I20.4	RP11-350N15.4	RP11-394O4.5	RP11-401P9.4	RP11-449J21.3	RP11-734K23.9	RP11-809N8.5	RP4-669L17.10	RP5-857K21.11	RP5-857K21.7	RPAIN	RRAGA	RTN1	RUFY3	RUNDC3A	SAFB2	SAMD11	SCG2	SCG3	SCG5	SDHAP1	SEC11C	SEMA4C	SEMA4D	SEPT4	SEPT5	SERGEF	SERPINI1	SETD5	SEZ6	SF3B1	SFI1	SGCE	SGSM2	SHC2	SHH	SIN3B	SLC12A4	SLC25A27	SLC34A2	SLC35E2B	SLC39A13	SLC7A6	SLCO3A1	SMARCD3	SNAP25	SNHG25	SNRNP70	SORBS2	SP6	SPIN1	SPPL2B	SPRY4	SREK1	SRPK2	SRSF10	SRSF11	SRSF5	SSTR1	STAG3L5P	STAG3L5P-PVRIG2P-PILRB	STAP1	STARD3	STK36	STMN2	STRA6	SUGP2	SVIL	SYK	SYNPO	SYP	TAGLN3	TAPT1	TBC1D1	TBX2	TCF4	TCF7L2	TERF2IP	TGFA	TGFB3	THBS3	TIA1	TIAL1	TM4SF4	TMEM132A	TMEM204	TMEM45A	TMPRSS3	TNFRSF11B	TNS2	TNXB	TP53BP1	TRA2A	TRDC	TRO	TRPM8	TSPAN11	TSPAN32	TSPAN5	TSPYL2	TTLL3	TUBA1A	TUBB2B	TWIST1	TXNDC15	TYK2	UACA	UCHL1	UNC119	UNC5B	USP11	USP20	USP32P1	USP34	VAMP2	VASH1	VCAN	VGF	VGLL4	VOPP1	VPS39	WASH5P	WBP1	WDR11	WDR27	WDR59	WDR6	WNT16	WSB1	Y_RNA	ZACN	ZC3H11A	ZNF385A	ZNF532	ZNF692	ZNF76	ZNF83	ZSWIM8
TH34_1238_S01-v7-lowstringency_pd_outliers	AC006449.2	AC011558.5	AC019118.3	AC091053.2	ADAM23	AL162151.3	AL662801.1	APRT	ARL6IP4	ATP5I	AUP1	AURKAIP1	BBC3	BNIP3P41	C11orf98	CCDC124	CCDC78	CCDC85B	CDC34	CDC37	CDHR3	DFNA5	DGUOK	DMPK	EDF1	EIF3G	EIF6	ELOF1	EME2	FAM150B	FCRLA	GAS6-AS1	GEMIN7	GIPR	GOLGA8A	HOXA3	HOXA5	HOXA9	HSD17B10	HSF4	HSPE1	IGHV3-20	IGLJ3	IGLV3-25	ITPA	KCNK9	KLRC4-KLRK1	KLRF2	LDLRAD2	LIMD2	MAPK12	MCOLN2	MEIS1	MPEG1	MRPL12	MRPL14	MRPL2	MRPL34	MRPL38	MRPL4	MRPL52	MRPS12	MRPS21	MRPS34	MYL5	NAA10	NAT9	NCBP2-AS2	NDUFA13	NDUFA3	NDUFS6	NEAT1_1	NEIL1	NHP2L1	NOP16	NOSIP	NSMCE1	NT5C	NUDT1	OXLD1	P2RY11	PAM16	PENK	PFDN6	PINLYP	PPP2R3B	PSME2	PSMG4	PTPRCAP	RAB24	RAB4B	REC8	RELL2	RFXANK	RP1-170O19.23	RP11-291B21.2	RP11-345J4.6	RP5-1028K7.2	RP5-887A10.1	RPL39P3	RPL8	RPS19BP1	SNHG9	SNORD22	SNRPD3	SNX22	SSNA1	SSSCA1	STIM2	TBC1D27	TBCB	TCL1B	TCTEX1D1	TM7SF2	TMEM160	TNFRSF13B	TRAPPC6A	TRMT1	UBALD1	WBP1	WDR86	ZNF428	ZNF521
TH34_1239_S01-v7-lowstringency_pd_outliers	ACP5	AL162151.3	AL442127.1	AL662801.1	ANXA3	APOE	ARG1	ARTN	AURKAIP1	B3GNT7	BPI	C1QA	C1QB	C1QC	C9orf142	CAMP	CD24	CD247	CD7	CD8A	CD8B	CEACAM1	CEACAM6	CEACAM8	CHI3L1	CHIT1	CLEC10A	COL1A1	CRISP3	CTD-3154N5.2	DEFA1	DEFA1B	DEFA3	DEFA4	FCGR3B	FLT3LG	FOLR3	GNLY	GRIP1	GZMA	GZMB	GZMH	HLA-B	HMOX1	HOTAIRM1_1	HP	IL2RB	IL32	ITGA7	KCNE5	KLRK1	LAMP5	LCN2	LGMN	LTB	LTF	METTL7B	MMP8	MMP9	MSLN	MVD	NCAM1	OAZ1	OLFM4	ORM1	PGLYRP1	PITX1	PKIB	PRF1	RGL4	RP11-326C3.2	S100B	SDC2	SERINC2	SHOX2	SLPI	TCN1	TGFBI	TMSB4XP6	TRDC	XAGE1B
TH34_1240_S01-v7-lowstringency_pd_outliers	AC005943.6	ACTA1	ACTC1	ADSL	AIMP2	AL132780.1	AL592211.1	AL662801.1	ALG3	ANKRD1	ANKRD2	ARMC6	ATAD3A	ATP1B3	ATP5D	ATP6V1F	BOLA3	C7orf55	CA3	CAMKV	CASQ1	CBS	CCDC167	CD320	CDKN2A	CKM	COX6A2	CSRP3	CTA-29F11.1	CTD-2017F17.2	DANCR	DDT	DDX56	DES	DKC1	DNAJC2	DPM3	ENO3	FABP3	FAM136A	FAM195A	FAM207A	FOXP4-AS1	GAL	GCAT	GNL2	GUK1	HIST1H4J	HSPB7	IMPDH1	KIAA0020	KLHL41	KRT8	KRTCAP2	LDB3	LRFN4	LSM7	MAP7D2	MB	MROH2A	MRPL4	MRPS17	MRPS21	MRPS24	MRPS25	MT-CO2	MT-CO3	MT-ND2	MT-ND3	MT-ND4	MTND2P28	MUC6	MUSTN1	MYBPC1	MYC	MYH2	MYH7	MYL1	MYL2	MYL3	MYLPF	MYOT	MZB1	NCLN	NDUFB7	NDUFB9	NEB	NOS3	OTX2	PDIA2	PDIA5	PES1	PET100	PFDN2	POLR1C	POLR2F	POLR2H	POLR2J	POP7	PPAN	PPP1R27	PRDX4	PRR34-AS1	PSMG3	PSMG4	PUSL1	PYGM	RHCG	RNU1-1	RNU1-28P	RNU1-3	RNVU1-18	RP1-20B21.4	RP11-150O12.6	RP11-229E13.4	RP11-410L14.2	RP11-451G4.2	RP11-603J24.17	RP5-857K21.11	RP5-857K21.7	RP5-940J5.9	RP9	RPL18A	RPL36	RPLP1	RPS10	RPS15	RPS17	RPS27A	RPS28	RRP9	S100A1	SLC19A1	SLIRP	SLN	SMIM4	SMPX	SNHG19	SNHG25	SNHG9	SNORA76C	SRM	SSBP1	TATDN1	TBRG4	TCAP	TG	THOC7	TIMM13	TNNC1	TNNC2	TNNI1	TNNI2	TOMM5	TOMM7	TRAPPC5	TSSC2	TXNL4A	UBA52	UNC93B1	UQCR11	WDR18	WDR4	WDR46	XIRP2	YDJC
TH34_1349_S01-v8-lowstringency_pd_outliers	AAMP	ABCC4	ABCC5	AC004540.4	AC005154.6	AC006449.2	AC007620.3	AC132217.4	ACACB	ACIN1	ADCY2	ADGRA2	ADGRL2	ADRA1B	AES	AFAP1L2	AFMID	AGAP3	AGFG2	AHSA2	AKAP8L	AKIP1	AKTIP	AL162151.3	AL442127.1	AL662801.1	ALCAM	ALDH1A3	ALDOC	AMPD2	AMPD3	AMT	ANK3	ANKRA2	ANKS1A	ANKZF1	ANO1	ANXA3	AP1S2	APBB3	APLN	APLP1	APLP2	APP	ARGLU1	ARHGEF40	ARMC9	ARPC2	ARRDC3	ARSB	ASIC3	BAZ2A	BBS1	BCAP29	BDH2	BMP2K	BOD1L1	BRD8	C11orf58	C11orf84	C16orf45	C1QL1	C1RL	C1orf54	C4A	C4B	C5orf45	C5orf56	CA11	CA2	CADM1	CALCOCO1	CBX7	CCDC159	CCKBR	CCNJL	CCNL2	CD200	CD27-AS1	CD34	CD81	CDC42EP2	CDH2	CDK20	CDKN1B	CES2	CH17-232I21.1	CHD2	CHD3	CHN1	CHN2	CIRBP	CLASP2	CLEC11A	CLK3	CMSS1	CNTN1	COG5	COL13A1	COL4A5	CPE	CPED1	CREBZF	CRELD1	CREM	CRMP1	CSAD	CSRP2	CTD-3064M3.3	CTD-3064M3.7	CTDSPL	CYP39A1	CYP3A7	DAAM1	DAB2IP	DACT1	DDX24	DDX26B	DDX5	DENR	DLG4	DMAP1	DMPK	DNAJC1	DOCK6	DOCK9	DPH1	DPP10	DPP7	DZIP1	ECM1	EHBP1L1	EID1	EIF2B5	ENO2	EPN2	ERP29	ETV1	EXTL3	F2RL2	FABP4	FAM131A	FAM156A	FAM193B	FAM219B	FBXO9	FCHSD1	FENDRR	FGD5	FGF4	FGFR1	FGL2	FHL2	FLYWCH1	FOXF1	FREM1	FXYD6	FYN	GABBR1	GALT	GBA2	GBP2	GCLC	GDF11	GDI1	GEM	GFRA1	GNG2	GOLGA2	GOLPH3L	GPR162	GPR20	GRAMD3	GSTM2	GUCY1A3	GUCY1B3	H19	HAGH	HAND2	HAND2-AS1	HDHD2	HERC2P2	HERC2P3	HIF1AN	HIGD1A	HNRNPH1	HNRNPH3	HOTAIRM1	HOTAIRM1_5	HOXA-AS2	HOXA3	HOXA4	HOXA5	HOXB3	HSD17B12	HSPA4L	IDUA	IFT57	IGF2	IK	IKBKB	IL11RA	IL18BP	INPP1	INPP5A	INPPL1	IQGAP2	IRF1	ISCU	ISOC1	ITGA10	JAM2	KANK2	KCNK3	KHDRBS3	KIAA0895L	KIAA1109	KIDINS220	KIT	LAMB1	LARGE	LBH	LDB1	LENG8	LGI4	LINC01089	LINC01184	LMBR1L	LMO2	LRPAP1	LRRC4B	LRRN4CL	LSAMP	LTBP3	LTBP4	LUC7L	MAGEH1	MAGI2-AS3	MAN2C1	MAP1B	MAP3K12	MAPK12	MAPRE3	MARCH11	MC1R	MEG3	MEIS1	MEIS3	METTL7A	MIR143HG	MIR99AHG	MLLT6	MOCS2	MORF4L1	MORF4L1P1	MOXD1	MSL1	MT-ATP6	MT-ATP8	MT-CO1	MT-CO2	MT-CO3	MT-CYB	MT-ND4	MT-ND4L	MTATP6P1	MTERF4	MTFR1L	MYEF2	N4BP2L1	NAB2	NDN	NEFL	NELL1	NES	NFASC	NFATC4	NISCH	NKX3-2	NLGN2	NLGN4Y	NPIPA1	NPIPP1	NPTX1	NRCAM	NSUN5P1	NUB1	NXF1	OBSCN	P3H3	PAGR1	PAIP2	PAM	PARP10	PCDHB10	PCDHGC3	PCSK1N	PDE1A	PDE3A	PDE8A	PELO	PFKM	PGM5	PHC1	PHF1	PHPT1	PIDD1	PIP4K2A	PJA2	PKD1	PLA2G4C	PLA2G6	PLAGL1	PLAT	PLCE1	PLD3	PLK2	PLXDC1	PNISR	PNMAL1	PPM1A	PPP1CB	PPP1R12C	PPP2R4	PPWD1	PRKAR1A	PRKAR2B	PRRT2	PTCH1	PTP4A3	PTPN12	PTPRD	PTPRM	PWWP2A	RAB24	RAB28	RABGAP1L	RASGEF1B	RASSF2	RBFOX2	RBM5	RBM6	RBPMS	RCAN2	RCBTB1	REEP1	REEP2	RELN	RGL2	RGS2	RGS4	RGS5	RGS7BP	RHOBTB2	RNA5SP216	RNPC3	ROGDI	RP11-166D19.1	RP11-323N12.5	RP11-34P13.16	RP11-386G11.10	RP11-394O4.5	RP11-429A20.3	RP11-429A20.4	RP11-553L6.5	RP11-626H12.1	RP11-693N9.2	RP11-70C1.3	RP11-809N8.5	RP4-717I23.3	RPAIN	RPL39P3	RSPO3	RTN1	RUFY3	RXRB	SAFB2	SAMD11	SCRN2	SCUBE1	SDR39U1	SEPT5	SERTAD4	SESN1	SFRP1	SFSWAP	SH2B1	SHISA2	SIK2	SIL1	SIN3B	SKAP2	SKP1	SLC12A2	SLC12A4	SLC22A17	SLC25A27	SLC29A1	SLC2A11	SLTM	SMARCD3	SMIM3	SMTN	SMYD4	SNRNP70	SPACA6P	SPARCL1	SPG20	SPRED2	SPRY4	SPRY4-IT1	SPRY4-IT1_2	SRRM2	SRSF11	SRSF4	SRSF5	SSFA2	ST5	STAG3L5P	STAG3L5P-PVRIG2P-PILRB	STIM2	STK17A	STRADA	STX11	SUGP2	SUN1	SUPT7L	SV2A	SYNGAP1	SYNM	TAPBPL	TARBP1	TBL1X	TCF25	TECPR2	TERF2IP	THOC5	THYN1	TLE4	TMEM132C	TMEM14C	TMEM163	TMEM30A	TMEM59L	TMOD1	TNFAIP8	TNFRSF14	TNS2	TPBG	TRO	TSC22D4	TSPAN12	TSPAN33	TSPYL1	TSPYL2	TTC1	TUSC3	UBA7	USP53	VAMP2	VPS11	WASH5P	WDR6	WWC3	XPC	XPR1	Y_RNA	ZBTB16	ZBTB4	ZFR2	ZFYVE21	ZMAT2	ZNF638	ZNF692	ZNF711	ZNF76	ZRANB2	ZSWIM6	ZSWIM8
TH34_1349_S02-v8-lowstringency_pd_outliers	A1BG	AAMP	ABCC4	AC004540.4	AC006449.2	AC007620.3	AC132217.4	ACAA1	ACACB	ACAD11	ACADVL	ACIN1	ACOX2	ACSL1	ACSM2A	ACSM2B	ADCY5	ADGRA2	ADH1A	ADH1B	ADH1C	ADH4	ADH6	AFMID	AGAP3	AGFG2	AGXT	AHCYL2	AHSA2	AHSG	AKAP8L	AL162151.3	AL442127.1	AL603831.1	AL662801.1	ALAS1	ALB	ALDH1A3	ALDH1L1	ALDOB	AMBP	AMPD3	AMT	ANGPTL3	ANK3	ANKS1A	ANO1	ANXA3	AOX1	AP003041.1	AP1S2	APBB3	APCS	APLP1	APLP2	APOA1	APOA2	APOB	APOC1P1	APOC2	APOC3	APOC4	APOC4-APOC2	APOH	APOM	APP	AQP9	ARG1	ARGLU1	ARRDC3	ARSB	ASGR1	ASGR2	ASIC3	ATM	AZGP1	BAAT	BAZ2A	BCAP29	BDH2	BHMT	BHMT2	BMPR1A	BOD1L1	BRD8	C11orf58	C1QL1	C1RL	C4A	C4B	C4BPA	C4BPB	C6	C8A	C8B	C8G	C9	CA11	CA2	CADM1	CBS	CCDC159	CCDC64	CCKBR	CCNL2	CD27-AS1	CD34	CDK20	CEND1	CES2	CFHR1	CFHR2	CFHR3	CHD3	CHKB	CHN1	CHN2	CIRBP	CITED2	CLASP2	CLEC11A	CNTN1	COL13A1	COL4A5	CP	CPB2	CPED1	CPS1	CREBZF	CRELD1	CRMP1	CSAD	CSRP2	CTC-251I16.1	CTD-3064M3.3	CTD-3064M3.7	CTDSPL	CTSL	CYP1A2	CYP2A6	CYP2B6	CYP2C8	CYP2C9	CYP2E1	CYP3A4	CYP3A5	CYP3A7	CYP4A11	CYP4A22	DAAM1	DAAM2	DAB2IP	DACT1	DDX24	DDX5	DLG4	DMAP1	DOCK6	DOCK9	DPH1	DPP10	DPY19L4	DZIP1	EDN3	EID1	EPN2	ETV1	F12	F2	F2RL2	FABP1	FAM101B	FAM126A	FAM193B	FAM219B	FBP1	FBXO9	FCN3	FENDRR	FGA	FGB	FGD5	FGF4	FGFR1	FGG	FGL1	FGL2	FHL2	FLCN	FMO3	FOXF1	FOXP1	FTCD	FYN	G6PC	GABBR1	GALT	GAMT	GBA2	GC	GFRA1	GLYAT	GLYATL1	GNG2	GOLGA2	GOLPH3L	GOT2	GPATCH8	GPR162	GPR20	GPR52	GRAMD3	GSTA1	GSTA2	GSTM2	H19	HAGH	HAMP	HAND2	HAND2-AS1	HAO2	HDAC6	HERC2P2	HGD	HGFAC	HIC1	HMGCS2	HNRNPH3	HOTAIRM1_5	HOXA-AS2	HOXA3	HOXA4	HOXA5	HOXB3	HP	HPD	HPN	HPR	HPX	HRG	HRH2	HSD11B1	HSD17B12	HSD17B6	HULC	IDUA	IFT57	IGF2	IGFBP1	IL11RA	INPP1	INPPL1	IQGAP2	ISCU	ITGA10	ITIH1	ITIH2	ITIH3	ITIH4	KANK2	KCNK3	KCTD12	KHDRBS3	KHK	KIAA0895L	KIF21B	KIT	KNG1	LAMB1	LCAT	LDB1	LDB2	LENG8	LGI4	LINC01089	LMBR1L	LMO2	LRRC4B	LSAMP	LSR	LSS	LTBP4	LUC7L	MAGEH1	MAGI2-AS3	MAN2C1	MAP3K12	MAPRE3	MASP2	MAT1A	MEIS1	MEIS3	METTL17	MIR143HG	MLXIPL	MORF4L1	MORF4L1P1	MPDZ	MRFAP1L1	MSL1	MST1	MT-ATP6	MT-ATP8	MT-CO1	MT-CO2	MT-CO3	MT-CYB	MT-ND4	MT-ND4L	MT1G	MTATP6P1	MTERF4	MTFR1L	MUM1	N4BP2L1	NBPF11	NDN	NEFL	NEK6	NELL1	NES	NFATC4	NINL	NISCH	NKX3-2	NLGN4Y	NPIPP1	NRBP2	NRCAM	NTN1	NXF1	NYNRIN	OBSCN	ORM1	ORM2	P3H3	PAGR1	PAH	PCK1	PCSK1N	PDE1A	PDE3A	PDE8A	PEBP1	PFKM	PHC1	PHF1	PHPT1	PIDD1	PIP4K2A	PKD1	PLA2G6	PLAGL1	PLAT	PLD3	PLG	PNISR	PNMAL1	PON1	PON3	PPM1A	PPWD1	PRAP1	PRKAR1A	PRKAR2B	PRKCQ	PRKCQ-AS1	PROC	PRRT2	PSMA3-AS1	PTCH1	PTH1R	PTN	PTP4A3	PTPN12	PWWP2A	RAB28	RABGAP1L	RASGEF1B	RASSF2	RBM5	RBM6	RBP4	RBPMS	REEP1	REEP2	RELN	RGL2	RGS2	RGS4	RGS5	RGS7BP	RNA5SP216	RNF146	RNF24	RNPC3	RNU1-70P	ROGDI	RP11-166D19.1	RP11-323N12.5	RP11-384F7.2	RP11-386G11.10	RP11-394O4.5	RP11-553L6.5	RP11-611O2.3	RP11-626H12.1	RP11-693N9.2	RP11-70C1.3	RP11-809N8.5	RP4-717I23.3	RPL39P3	RTN1	RUFY3	RXRB	SAA1	SAA4	SAFB2	SAMD11	SATB1	SCRN2	SDR39U1	SEPT5	SERPINA1	SERPINA11	SERPINA3	SERPINA4	SERPINA5	SERPINA6	SERPINC1	SERPIND1	SERPINF2	SERTAD4	SFRP1	SFSWAP	SH2B1	SHC2	SIN3B	SLC12A2	SLC12A4	SLC13A5	SLC22A1	SLC23A2	SLC25A27	SLC25A47	SLC27A5	SLC29A1	SLC2A2	SMARCD3	SMTN	SMYD4	SNRNP70	SPIN1	SPRED2	SPRY4	SPRY4-IT1_2	SRRM2	SRSF11	SRSF4	SRSF5	ST5	ST7	STAG3L5P	STAG3L5P-PVRIG2P-PILRB	STIM2	STK17A	SULT2A1	SUPT7L	SYNGAP1	SYNM	TAPBPL	TAT	TBL1X	TERF2IP	TF	TFR2	THYN1	TM4SF4	TMEM14C	TMEM163	TMEM30A	TMEM59L	TMOD1	TNFRSF14	TNS2	TPBG	TRIB1	TRO	TSC22D4	TSPAN33	TSPYL1	TSPYL2	TTC1	TTR	TUSC3	UBA7	UGT1A1	UGT2B4	UGT2B7	UROD	VAMP2	VTN	WDR6	WSB1	WWC3	XPC	XPR1	Y_RNA	ZC3H7A	ZCCHC11	ZFYVE21	ZMAT3	ZNF638	ZNF692	ZNF711	ZNF76	ZRANB2	ZSWIM6	ZSWIM8
TH34_1350_S01-v8-lowstringency_pd_outliers	ABI3	AC007192.6	AC009065.4	AC009950.1	ACP5	AL162151.3	AL662801.1	ANXA11	AP003041.1	ARHGDIB	ATF5	C19orf43	C1QA	C1QB	C1QC	C2	C3	C6orf1	CAMK1	CAMP	CD177	CD300E	CD8A	CD8B	CEACAM1	CEACAM3	CEACAM8	CHI3L1	CHMP2A	COL17A1	COTL1	CTA-384D8.36	CTD-2006K23.1	CTD-3193O13.13	CXCL16	CXCR2P1	DEDD2	DEFA1	DEFA4	DRAP1	EGR2	ELOF1	EPB41L3	EPSTI1	FCGR2C	FCGR3A	FCGR3B	FGFBP2	FLT3LG	GBP1	GBP2	GBP5	GIMAP4	GIMAP5	GPBAR1	GPSM3	GZMB	GZMH	HLA-A	HLA-C	HMOX1	HSPA7	IFIT2	LCN2	LILRA6	LILRB2	LINC01272	LTF	MAFB	MARCO	MEFV	MIR142	MMP24-AS1	MMP8	MMP9	MYOF	NEAT1_2	NTAN1	PFN1	PGLYRP1	PILRA	PRELID1	PSMB9	RAB7A	RARRES3	RCN3	RGL4	RNA5SP216	RNF167	ROGDI	RP11-361L15.3	RP11-362F19.1	RP11-386G11.10	RP11-3P17.5	RP11-466H18.1	RP11-478C6.4	RP11-498C9.3	RRAS	SCO2	SECTM1	SHISA5	SIGLEC7	SLAMF7	SLC2A6	SLPI	SNAP29	SNORD89	SPI1	SSSCA1	TAF10	TAGLN	TCF7L2	TGFBI	TMSB4XP6	TNFSF12	TYMP	UBE2L6	UBXN1	UNC119	WARS	WBP2	ZNF703
TH34_1351_S01-v8-lowstringency_pd_outliers	AAAS	ABCA3	AC005154.6	AC159540.1	ACAN	ACE	ACIN1	ACOT9	ADAMTS10	ADCY6	ADH1B	AGER	AGR2	AGR3	AKAP10	AKAP8L	AKIRIN1	AL132780.1	AL662801.1	ALDH3A2	ALKBH5	ALPL	ANAPC5	ANKZF1	ANXA3	AP003041.1	AQP4	ARGLU1	ARHGEF1	ASCC2	ASNA1	ATG4B	ATHL1	ATP11A	ATP8B2	ATPAF2	B9D1	BARX1	BCS1L	BRIX1	C11orf24	C16orf89	C19orf43	C19orf53	C19orf66	C19orf70	C1QTNF3	C3orf58	C4BPA	C7orf55-LUC7L2	C8orf4	CALU	CCDC130	CCDC14	CCNL2	CDC26	CDC37	CDK10	CDKN2D	CEACAM6	CEP95	CES1	CHN1	CHTOP	CLDN18	CLDND1	CLEC11A	CLK2	COL11A2	COL13A1	COL16A1	COL27A1	COL2A1	COL9A3	COPA	COPS3	COPZ2	COX10-AS1	CRISPLD1	CSAD	CSF3R	CTB-134H23.3	CTD-3252C9.4	CTSE	CXCL17	CXCL2	CYB5A	CYP2B7P	CYP4B1	DANCR	DCAF15	DCAF8	DDR2	DDX1	DDX17	DDX39A	DECR1	DENND4B	DHPS	DHRS7B	DMTF1	DNAJC21	DNM1L	DNM2	DPH7	DRG2	DUSP12	DYNLT3	DYRK4	ECSIT	EIF1AX	ELAC2	ELF3	ELOF1	ENOSF1	ENPP2	ENTPD6	EPN2	EXOSC10	F11R	FAM118A	FAM156A	FAM156B	FAM92A1	FARSA	FASTKD1	FBP1	FKBP7	FLCN	FLII	FLRT2	FNBP4	FTSJ1	FXYD3	GADD45GIP1	GAS7	GPBP1L1	GPR153	GPRC5A	GYG2	HAPLN1	HDAC6	HERC2P2	HERC2P3	HOOK2	HOPX	HP	HP1BP3	HPGD	HS3ST3A1	IBSP	IFITM5	IGLV3-1	ILF3	IMPAD1	INSC	INTS3	INTS8	IVD	IVNS1ABP	KAT2A	KDM5C	KEAP1	KIAA0907	KIRREL	KLC1	KRI1	KRT18	KRT19	KRT7	KRT8	LAMP3	LLGL1	LPCAT1	LRRC1	LRRC75A-AS1	LSM10	LZTR1	MAGI2-AS3	MALL	MAN2C1	MAP2K3	MAP2K4	MAPK7	MARCO	MARK3	MAST2	MCOLN1	MEF2A	MIA	MKNK1	MLLT1	MLLT6	MLPH	MPRIP	MRI1	MRPS30	MSL3	MSTO1	MTFR1L	MUC1	MYO18A	N4BP2L2	NADK2	NAPSA	NBPF14	NCOR1	NDNF	NDUFA11	NDUFS2	NEAT1_1	NEMF	NGEF	NIPBL	NKTR	NKX2-1	NNT	NPIPA1	NPIPB3	NPIPP1	NRD1	OGT	OMD	ORMDL1	OXCT1	P3H1	PCDH18	PDE4DIP	PDHA1	PEBP4	PEMT	PET100	PGC	PHKA2	PHOSPHO1	PIGL	PILRB	PIN1	PKD1	PLAGL1	PLEKHA5	PMP22	PNN	POFUT2	POLE3	PON2	PPAN	PRDX4	PRKAA1	PRPF38B	PRPSAP2	PRUNE	PTCD3	PTH1R	PTN	PTPRS	QTRT1	RABGGTB	RAD1	RAD23A	RAI1	RANBP3	RBBP6	RBM10	RCOR2	REG1A	RGS3	RHBDL2	RMDN1	RNASEH2A	RP11-1212A22.4	RP11-231C14.4	RP11-488L18.4	RP11-706O15.1	RP11-734K23.9	RP4-765C7.2	RPL13P12	RPL37	RPS28	RUNX2	S100A13	SAFB	SAFB2	SCARF2	SCGB1A1	SCGB3A1	SCGB3A2	SCO1	SELENBP1	SERPINA1	SETDB1	SFPQ	SFTA2	SFTA3	SFTPA1	SFTPA2	SFTPB	SFTPC	SFTPD	SH3BP2	SH3KBP1	SH3YL1	SKP2	SLC17A9	SLC22A31	SLC34A2	SLC39A8	SNHG19	SNHG3	SNHG9	SP7	SPG7	SPINT2	SPTBN1	SRRM1	SRSF10	SRSF11	SRSF4	STK36	STX10	STX8	TACSTD2	TARBP1	TARDBP	TARS	TBX2	TECR	THBS3	THEM4	THOC1	TIMM44	TMEM11	TMEM119	TMEM125	TMEM263	TMEM39A	TMEM47	TMTC2	TNNT3	TNPO2	TOM1L2	TOP3A	TRIM16	TRMT1	TRO	TSPAN13	TTC17	TTC19	TVP23B	TYK2	TYRO3	UBAP2L	UBE2G2	UBE2V2	UFM1	ULK2	UPK3B	USP22	USP32P3	WASH5P	WDR45	WDR70	WDR83OS	WFDC2	WIZ	WSB1	WWP2	Y_RNA	ZCCHC11	ZNF131	ZNF18	ZNF266	ZNF280D	ZNF286A	ZNF287	ZNF317	ZNF559	ZNF83	ZRANB2	ZSWIM7
TH34_1352_S01-v8-lowstringency_pd_outliers	AAAS	ABCA8	AC005154.6	AC007620.3	AC093642.3	AC159540.1	ACIN1	ADGRA2	ADGRL1	AEBP2	AFAP1L2	AFP	AGER	AHCY	AHI1	AHSA2	AKAP17A	AKAP8L	AL662801.1	ALB	ALG13	ALOX15	AMT	ANKRD17	ANKZF1	AP003041.1	AP2A1	AP2A2	APBB3	APPL1	ARHGAP21	ARHGEF25	ARHGEF40	ARID1A	ARSI	ASIC1	ASNSD1	ASXL1	ATF7	ATG16L1	ATG4B	ATM	ATN1	ATP2B4	ATP6V0A1	ATP8B4	ATXN1	ATXN2	ATXN2L	BAMBI	BAZ2A	BCL9L	BCLAF1	BIRC2	BMP4	BOC	BPTF	BRD8	BRINP1	BRPF3	BTBD19	C11orf57	C16orf45	C16orf89	C19orf43	C19orf66	C1orf52	C2CD2L	C7orf55-LUC7L2	CACNG7	CAMK1G	CAMTA2	CAP2	CAPRIN2	CASC3	CASS4	CBFA2T2	CBWD3	CBX1	CCDC130	CCDC184	CCND2	CCNL2	CCS	CDK11A	CDK5RAP3	CDKN3	CDON	CENPT	CEP164	CEP170	CEP250	CEP44	CEP95	CFAP20	CHD2	CHST1	CIC	CIZ1	CLASRP	CLEC11A	CLIP3	CLK2	CNEP1R1	CNIH1	CNOT1	CNOT2	CNOT3	COG7	COL21A1	COL26A1	COL27A1	COX6B2	CPSF3L	CPSF7	CREBZF	CRTAC1	CRTC2	CRYZL1	CSAD	CSNK1G2	CTD-2545G14.4	CTXN1	CYB5B	CYB5R2	CYP26A1	DAZAP1	DBN1	DCAF5	DCAF8	DDHD2	DDX17	DDX42	DDX5	DENND4B	DHX38	DKFZp434J0226	DLG1	DLG4	DMPK	DMTF1	DMWD	DNM1L	DNMT1	DOCK10	DPAGT1	DPH1	DROSHA	DUXAP9	DVL3	DZIP1	EBF4	EED	EID1	EIF2B5	EIF3G	EIF3M	EIF4E2	EIF4G3	ELK1	EML4	ENPP2	ERBB2IP	ERCC5	ERF	EZH1	FAIM2	FAM107A	FAM133B	FAM156A	FAM160A2	FAM178A	FAM193B	FAM20A	FAM214B	FAM92A1	FBRS	FBXL19	FER1L4	FEZ1	FGFR1	FGFR2	FIP1L1	FLCN	FNBP4	FNDC5	FREM1	FUBP1	FUBP3	GABBR1	GABPB1-AS1	GAS7	GATA6	GATA6-AS1	GDF5	GDI1	GGA1	GLA	GNB4	GNG5	GNL2	GNPDA1	GOLGA2	GOLGA8A	GOLGA8B	GPC3	GPCPD1	GPM6A	GRIN2D	GRIP2	GSDMA	GSTM2	GTF2IP1	GTPBP2	GTPBP6	GULP1	H19	HAND2-AS1	HDAC6	HDC	HDGFRP2	HERC2	HERC2P2	HERC2P9	HGF	HGSNAT	HMGN3	HNRNPA2B1	HNRNPC	HNRNPDL	HNRNPH1	HNRNPH3	HNRNPR	HNRNPUL1	HOXC6	HP1BP3	HSPA9	HUWE1	IBTK	ICAM5	IGF2	IL4R	ILF3	ING5	INPPL1	INTS3	INTS8	IPO9	IRF2BPL	IRF3	ITSN1	JPH4	KAT2A	KCNC3	KCNG1	KCTD12	KIAA0368	KIAA0430	KIAA0907	KIF13A	KIFC2	KIRREL	KLC1	KLF16	KLHDC10	KMT2A	KMT2D	KXD1	LAMP3	LARP1	LCAT	LDB1	LENG8	LIMA1	LINC01002	LOXL4	LPAR3	LPPR4	LRP4	LSM6	LTBP4	LUC7L	LUC7L3	LZTR1	MALAT1	MAML1	MAP3K12	MAP4K5	MAPK15	MAPK8IP3	MARCH7	MARCKS	MARK3	MATR3	MAU2	MBD1	MED25	MEF2D	MEG3	MEIS2	MEOX2	MEST	MIAT	MIAT_exon5_1	MIIP	MINK1	MKNK1	MLF1	MLXIP	MMS19	MNT	MOK	MRPL32	MRPS5	MSL1	MTA1	MTERF4	MTMR11	MYBBP1A	MYH10	MYO19	NAPSA	NASP	NCOR1	NDEL1	NDFIP1	NEAT1_2	NECAB3	NEMF	NETO2	NFKBIZ	NGEF	NISCH	NKX2-1	NLGN2	NMT1	NOG	NONO	NPIPA5	NPIPP1	NR2C1	NRBP2	NSRP1	NTAN1	NTM	NUDCD2	NUMB	NUP93	NXPH2	OAF	ODF2	OGG1	OGT	OLFML1	OR5E1P	OSR1	P2RY1	PABPN1	PAFAH1B1	PAGR1	PAN2	PAX6	PBX2	PCED1A	PCF11	PCGF3	PDGFRA	PDHA1	PELP1	PHC1	PHF12	PHF21A	PHLDB1	PHLDB3	PHYKPL	PIAS1	PIAS3	PICALM	PIP5K1A	PITX2	PKD1	PKD1P6	PKDCC	PKIG	PLAGL1	PLCG1	PLEKHG2	PLXNA3	PMFBP1	PNISR	PNKP	PNN	POGZ	POM121C	PPAN	PPFIA3	PPIL3	PPP1R10	PPP5C	PPWD1	PRAF2	PRKAR1A	PRPF3	PRPF38B	PRPF39	PRR14	PRRT1	PRRT2	PSD	PSIP1	PSMA3-AS1	PTCD3	PTEN	PTMS	PTPRS	PVRL3	QRICH1	R3HDM2	RABL2A	RACGAP1	RAI1	RANBP9	RBBP6	RBFOX2	RBM12	RBM24	RBM25	RBM28	RBM33	RBM5	RBM6	RCN1	RCOR3	RERE	REV1	RGL2	RGS2	RHOJ	RNPC3	RNU6-476P	ROBO3	ROGDI	RP11-1212A22.1	RP11-166D19.1	RP11-231C14.4	RP11-242D8.3	RP11-274B21.2	RP11-311C24.1	RP11-350N15.4	RP11-394O4.5	RP11-466H18.1	RP11-478C6.4	RP11-680F20.12	RP11-734K23.9	RP4-669L17.10	RP4-717I23.3	RP4-800G7.2	RPF2	RPL11	RPL21	RPL26	RPS25	RPS6KB1	RRP7BP	RSRC2	RTN2	RUFY3	RXRB	RXRG	SAFB	SAFB2	SAMD4A	SART3	SCAF11	SCGB3A2	SDCCAG3	SEC31A	SENP2	SEPT5	SERINC5	SETD5	SEZ6	SF1	SF3A2	SFPQ	SFSWAP	SFTA3	SFTPA1	SFTPA2	SFTPB	SFTPC	SFTPD	SGSM2	SH2B1	SHC1	SIDT2	SLC16A1	SLC1A6	SLC25A27	SLC25A28	SLC27A3	SLC35E2B	SLC6A1	SLTM	SMARCC2	SMARCD3	SMTN	SNAI2	SNAP29	SNORA40	SNORA51	SNRNP70	SNRPGP10	SP9	SPACA6P	SPAG17	SPECC1	SPEN	SPG20	SPPL2B	SRC	SREK1	SRRM1	SRRM2	SRRT	SRSF10	SRSF11	SRSF4	SRSF5	SS18	SSBP4	SSX2IP	ST13	ST3GAL5	STIM2	STK36	STMN1	STX16	SUB1	SUGP2	SUMO1	SUN1	SUPT20H	SUPT7L	SUV420H2	SVIL-AS1	SYNE2	SYNGAP1	SYTL4	TACC2	TAF1D	TANK	TAOK2	TARBP2	TBX1	TBX2	TBX5	TCERG1	TCF25	TCF7L2	TERF2IP	THBS3	THOC1	THOC2	THUMPD3-AS1	TIA1	TIAL1	TIMM44	TMCO6	TMEM100	TMEM259	TMEM67	TMPO	TNFAIP3	TNPO2	TNRC18	TOP1MT	TP53BP1	TP53BP2	TPT1-AS1	TRA2A	TRAF3IP3	TRAFD1	TRAK1	TRIM24	TRIM5	TRIM6	TRIM65	TRO	TSC2	TSPYL2	TTC17	TTLL3	TUBG2	TXNL4B	TYK2	UBAP2L	UBE2G2	UBTF	UCKL1	UGP2	UPF3A	USP48	USP5	VAT1L	VCL	VPS52	VTN	WASH5P	WASH7P	WDR27	WDR59	WDR60	WHSC1L1	WSB1	WT1	XPO1	YPEL2	Y_RNA	ZC3H13	ZC3H7A	ZCCHC11	ZDHHC17	ZDHHC8	ZFAND5	ZMYM2	ZMYND8	ZNF217	ZNF358	ZNF384	ZNF512	ZNF638	ZNF644	ZNF783	ZNF827	ZNF83	ZRANB2	ZSWIM8
TH34_1379_S01-v8-lowstringency_pd_outliers	AAAS	AARS	ABCA3	AC008753.4	AC132217.4	ACIN1	ACSS2	ACSS3	ACTN2	ADCK3	ADCY3	ADNP	ADPGK	ADSL	AGAP3	AGAP9	AGER	AGFG2	AGPAT3	AGR2	AGT	AGXT	AHCY	AHSA2	AHSG	AK6	AKAP8L	AL132780.1	ALB	ALDH1A2	ALOX5	ALOX5AP	AMACR	AMBP	ANAPC7	ANKLE2	ANKRD11	ANPEP	ANXA1	AOC3	AP003041.1	APCDD1	APOA1	APOA2	APOB	APOC1P1	APOC3	APOC4	APOC4-APOC2	APOH	AQP9	ARFGAP1	ARGLU1	ARHGEF11	ARHGEF2	ARPC2	ASGR1	ASPSCR1	ASXL1	ATG4B	ATG9A	ATN1	ATXN2	AXIN2	BAMBI	BAZ2A	BCS1L	BMP4	BRD7	BRPF3	BTG3	C10orf2	C16orf89	C1GALT1	C1orf115	C1orf162	C21orf59	C2orf72	C4BPA	C4BPB	C5	C7orf49	CA4	CALU	CAPN15	CAV1	CCAR1	CCAR2	CCDC130	CCDC59	CCL18	CCL25	CCND2	CCNL1	CCT3	CCT8	CD163	CD52	CD68	CDC123	CDC42SE1	CDK10	CDK2	CDK4	CEACAM6	CENPT	CENPV	CERS2	CFD	CHI3L1	CKAP4	CLASRP	CLDN18	CLK2	CLK3	COL27A1	COL2A1	COL9A3	COLEC11	COLGALT1	COPS7B	CPA4	CPSF3L	CPSF4	CRELD1	CRLS1	CS	CSF3R	CSNK1E	CST4	CTBP2	CTDSP2	CTNNB1	CTSC	CTSL	CTSZ	CX3CL1	CXCL17	CYP4B1	CYP4F34P	DAP3	DAZAP1	DDX17	DDX23	DDX42	DDX47	DEDD	DENND4B	DENR	DGKD	DHX38	DKC1	DLG5	DLK1	DMBT1	DMPK	DMTF1	DNAJB6	DPEP1	DRAM1	DUSP16	DUSP9	E2F1	E2F4	EFNA4	EIF3B	EIF3H	EIF4EBP2	ENC1	ENO2	EPHX2	ERVH48-1	ETV5	EWSR1	F2	F5	FABP1	FABP4	FABP5	FAM160B2	FAM171A1	FAM178A	FAM189B	FAM192A	FAM193B	FAM210B	FAM60A	FAT1	FBRS	FBXO31	FCGR2A	FGFR1	FGFR4	FGG	FKBP10	FMOD	FNBP4	FOLR1	FSCN1	FUBP3	FUS	FXYD3	GALNT2	GALT	GATM	GBA2	GCN1L1	GET4	GGA1	GGA2	GLMP	GLT8D1	GLUD1	GOLGA2	GORASP1	GPC3	GPR89A	GPRC5A	GSS	GTF2IP1	GTF2IP4	GTF3C2	GTF3C5	H2AFY2	HABP4	HBA1	HBA2	HBB	HBG2	HMGCR	HMOX1	HNRNPA1	HNRNPDL	HNRNPH1	HNRNPH3	HOPX	HS3ST4	HSDL1	HSP90B1	HSPD1	HSPE1	HSPH1	HYAL2	ID2	ID3	IDH3B	IGF2	IGF2R	IKBKAP	ILF3	IQGAP1	IRX3	IST1	ITIH2	ITIH5	IVNS1ABP	KANK1	KAT8	KCNJ5	KDM2B	KHDRBS3	KHSRP	KIAA0907	KIFC3	KIZ	KLC1	KMT2D	KNTC1	LAIR1	LAMA5	LAMB1	LAMP3	LDB1	LEF1	LENG8	LGALS8	LINC00969	LINC01002	LINC01089	LIPA	LMBR1L	LONP1	LPCAT1	LTA4H	LUC7L	LUC7L3	LYPLAL1	LZTR1	LZTS2	M6PR	MACF1	MALAT1	MAP4K4	MAPK8IP3	MAPRE1	MARCO	MATN3	MBD6	MBTPS1	MCFD2	MCM3AP	MCM5	MDFI	MEG3	MEST	METTL9	MFAP2	MFF	MGEA5	MGST2	MINK1	MKNK1	MLEC	MLLT6	MME	MORF4L2	MRC1	MRPL42	MRS2	MS4A7	MSL1	MSR1	MSRB2	MTA1	MTG1	MUC1	MUCL1	MYH7B	NAP1L1	NAPSA	NAT9	NCL	NDN	NDUFA10	NDUFA6	NDUFS2	NEAT1_2	NECAB3	NELFCD	NETO2	NFE2L2	NGFRAP1	NID1	NISCH	NKD1	NMT1	NONO	NOP2	NOP56	NOP58	NOTUM	NOV	NPC2	NPIPA1	NPIPA5	NPIPB3	NPIPB4	NPIPB5	NPNT	NR5A1	NRBP1	NRP1	NRP2	NUDT4	NUDT5	NXF1	OAF	ODAM	OGT	OLR1	ORM1	ORMDL1	P3H4	PABPC1L	PAH	PAN2	PBX2	PCAT14	PCP4	PEBP1	PECAM1	PEG10	PEG3	PFDN4	PFKM	PGC	PIGQ	PIP5K1A	PKP4	PLA2G1B	PLA2G2A	PLA2G6	PLCG1	PLEKHB2	PLLP	PLOD3	PLP1	POGZ	POLR1D	PON2	POP5	PPOX	PPP1CC	PPP1R1B	PPT1	PRAP1	PRDX6	PREB	PRMT2	PROC	PRPF3	PRRC2B	PRRC2C	PSAP	PSAT1	PSMD4	PTCD3	PTK7	PTS	RAB4A	RABGGTB	RABL6	RAE1	RAP1B	RBM17	RBM25	RBM39	RBM5	RBM6	RBMX	RBP4	RELN	RERE	RGCC	RGL2	RHBG	RHOBTB1	RHOBTB2	RHOT2	RNA5S9	RNF145	RNF149	RNF19A	RNF43	RNY1	RNY3	ROBO1	ROBO3	RP11-1212A22.1	RP11-1212A22.4	RP11-231C14.4	RP11-488L18.4	RP11-568K15.1	RPUSD3	RTFDC1	S100A8	SAFB	SAMD1	SAMHD1	SCAMP3	SCARB1	SCGB3A2	SDC2	SDCCAG3	SEMA4C	SEMA4G	SEMA6B	SEPHS1	SERINC5	SERPINA5	SERPINA7	SERPIND1	SERPINF2	SERPINI1	SETDB1	SF1	SF3B1	SF3B3	SFPQ	SFTA2	SFTA3	SFTPA1	SFTPA2	SFTPB	SFTPC	SFTPD	SGSH	SH2B1	SH3BP4	SHTN1	SIGMAR1	SLC11A1	SLC13A3	SLC13A5	SLC16A1	SLC17A9	SLC20A2	SLC22A31	SLC2A1	SLC30A3	SLC34A2	SLC35D2	SLC39A5	SLC39A8	SLC5A6	SLC7A8	SMAGP	SMARCD1	SMARCD3	SMG5	SMPD4	SMYD2	SNHG1	SNRPE	SNX5	SON	SOX13	SP5	SPG7	SPI1	SPPL2B	SPTLC1	SRC	SRRM2	SRRT	SRSF1	SRSF10	SRSF2	SRSF6	SRSF7	SSB	STAG3L5P-PVRIG2P-PILRB	STAR	STARD3	STK25	STK36	STX16	SYTL2	TAF1C	TAF9	TARBP1	TARBP2	TBCA	TBCE	TBRG4	TBX3	TCAF1	TF	THBS3	THOC2	THUMPD3-AS1	TIAL1	TM9SF4	TMEM106C	TMEM2	TMEM261	TNFSF13	TNNI2	TNPO2	TOMM34	TOMM5	TPCN1	TPR	TPSAB1	TRA2A	TRDC	TREM1	TRH	TRIB2	TRIM50	TRIP10	TRMU	TSG101	TTC17	TTLL4	TUBA1A	UBAP2L	UBE2G2	UCKL1	UGCG	UNC119B	UNG	USP22	USP34	UXS1	VIM	VSIG4	VTN	WASH3P	WASH5P	WASH6P	WASH7P	WDR59	WSB1	WWP1	XPO1	YKT6	YY1AP1	Y_RNA	ZC3H15	ZCCHC11	ZDHHC3	ZDHHC6	ZFAND2B	ZMIZ2	ZNF331	ZNF384	ZNF503	ZNF638	ZNF692
TH34_1380_S01-v8-lowstringency_pd_outliers	ACOT8	ADAMTS10	ADCY3	ADGRD1	ADSS	AL662801.1	ANAPC5	ANO1	ANO10	ARHGEF11	ARHGEF17	ASUN	ATP1A2	ATP1B2	ATP2B4	BBS1	BRD8	BTG2	C1orf27	C1orf95	CAB39	CADPS	CALCR	CCDC102B	CCDC178	CCDC68	CDH4	CDK18	CEBPA	CEBPG	CERS2	CH17-232I21.1	CHD6	CHST1	CIRBP	CLUH	COL11A2	COL5A3	COLCA1	COPA	COX4I2	CPT1A	CS	CTC-339O9.1	CTD-2228K2.7	CTD-2297D10.2	CTD-2521M24.5	DAAM1	DBNDD2	DCAF6	DGKZ	DIMT1	DIO3OS	DIRAS1	DIS3L2	DPY19L2	DTX4	EEF2	EGFLAM	EIF2D	EIF3CL	EIF4EBP2	FAM120A	FAM168A	FAM208B	FBN3	FBXO8	FCHSD2	FH	FMNL3	FMO1	FOCAD	FRMD3	GABRB3	GATM	GBA2	GLUL	GMNN	GSTM4	GUCY1A3	GUCY1B3	H19	HARS2	HDHD2	HEY2	HEYL	HIPK2	IDH1	IDH2	IMPA2	INTS3	IQGAP2	IRF6	JAG1	KCNK2	KCNK9	KCTD3	KDM2A	KIAA0907	KIRREL2	KLHL14	KRBOX1	LARP1	LETMD1	LIPG	LPGAT1	LRIG3	LRRC8D	LRRN3	LYPLAL1	MAN2A1	MARC2	MFSD2A	MIR199A2	MKNK2	MRPL21	MTRR	MVB12A	MXD4	MYO19	MZF1	NADK2	NAV1	NDRG2	NDUFA5	NDUFV1	NET1	NOTCH1	NOTCH3	NPHS1	NPPC	NPY	NR2F6	NRARP	NRIP2	NSUN2	NTN5	OAZ2	OPA1	ORAOV1	P2RY11	PALD1	PDCD4	PDHA1	PGA3	PGA4	PGA5	PKIG	PLD1	PLXNA2	POGK	POGZ	POLG2	PP7080	PPA1	PPFIBP2	PPOX	PPP1R12B	PPP1R1A	PPP6R3	PRKRIR	R3HDM2	RABGGTB	RAD23B	RBMX	RCAN2	RDH5	RIF1	RNPC3	RNU6-689P	RP11-1055B8.4	RP11-116D17.3	RP11-1191J2.2	RP11-188P20.3	RP11-394O4.5	RP11-54O7.17	RP11-96L14.7	SAMM50	SCD5	SDHAP1	SDHC	SEMA3G	SEPT5	SEPT8	SERINC3	SGSM2	SLC22A23	SLC22A3	SLC25A26	SLC25A27	SLC25A29	SLC38A2	SNHG25	SNRK	SNX21	SOX13	SPPL3	SUV420H1	TADA1	TBCE	TBX3	TCTN1	TDO2	TESC	TFCP2	TMEM150C	TMEM263	TMEM63A	TP53INP2	TPCN1	TRIB1	TSPAN18	TTC19	UBA2	UBR4	UQCRC2	URI1	VPS13D	VPS45	WNK2	Y_RNA	ZAP70	ZC3H11A	ZNF266	ZNF326	ZNF333	ZNF496	ZNF561	ZNF587	ZNF608
TH34_1381_S01-v8-lowstringency_pd_outliers	AAAS	AARS	ABCA2	ABCB6	ABCD4	ABCF3	ABI3BP	AC006449.2	AC132217.4	AC159540.1	ACADVL	ACAP3	ACBD3	ACBD6	ACIN1	ACKR1	ACLY	ACO2	ACP1	ACSS1	ACTR2	ACTR3	ADAM15	ADAMTS16	ADAR	ADCK3	ADD1	ADGRA3	ADGRD1	ADH5	ADIPOR1	ADNP	ADRA2A	ADSS	AGPAT6	AGT	AHDC1	AHSA2	AIDA	AIFM3	AK1	AKAP8L	AL162151.3	AL662801.1	ALDH18A1	ALDH9A1	ALDOA	ALKBH5	AMPD2	ANAPC16	ANAPC2	ANAPC5	ANAPC7	ANGEL2	ANGPTL4	ANKRD10	ANKRD11	ANKZF1	ANP32A	ANP32E	AP003041.1	AP1G2	AP1S2	APBB1	APBB3	APC2	APH1A	APOA1BP	ARF1	ARF4	ARFGAP1	ARGLU1	ARHGAP33	ARHGEF1	ARHGEF11	ARHGEF7	ARIH2	ARL2BP	ARL4C	ARL8A	ARMC3	ARNT	ARPC4	ARPC5	ARVCF	ASXL1	ATAT1	ATF6B	ATG4B	ATN1	ATP13A1	ATP1B1	ATP1B2	ATP2A2	ATP2B4	ATP5E	ATP8B2	AUTS2	AXIN2	AZIN1	B4GALNT4	B4GALT3	BAG6	BAIAP3	BBS1	BCAN	BCAR1	BCCIP	BCL6	BCL9	BEX4	BHLHE40	BMI1	BNIP3	BNIP3L	BOC	BOLA1	BRD2	BROX	C10orf105	C14orf159	C16orf58	C1QTNF3	C1orf198	C1orf226	C1orf35	C1orf43	C4A	C4B	C4orf3	C5orf15	C5orf45	C5orf49	C6orf62	C7orf55-LUC7L2	C9orf24	CA9	CABIN1	CACYBP	CADM1	CALCOCO2	CALR	CAMTA1	CANX	CAPN2	CAPS	CBX3	CBX5	CCAR1	CCAR2	CCDC114	CCDC130	CCDC14	CCDC181	CCDC37	CCDC40	CCDC57	CCDC80	CCDC85C	CCNL1	CCNL2	CCT2	CCT3	CD36	CD44	CD46	CDC123	CDC16	CDC42BPB	CDC42SE1	CDH23	CDIP1	CDK10	CDK2	CDK5RAP2	CDK5RAP3	CELF1	CENPF	CENPT	CEP170	CEP95	CERS1	CERS5	CETN2	CFAP126	CFAP20	CFAP45	CFDP1	CH17-232I21.1	CHCHD7	CHD1L	CHID1	CHKA	CHKB	CHMP1A	CHODL	CHTF8	CHTOP	CIAPIN1	CIART	CIC	CKAP4	CKAP5	CKLF	CLASRP	CLCN7	CLK2	CLK3	CMTM4	CNIH4	CNN3	CNOT3	CNTN2	COG2	COG4	COL16A1	COL27A1	COL2A1	COL5A3	COL9A2	COMMD3	COMMD3-BMI1	COMMD6	COMT	COPA	COPB2	COPG1	COPS8	COPZ1	COQ9	COX20	COX7A2	CPNE6	CPSF1	CPSF3L	CPSF4	CPXM1	CRB1	CRB2	CRELD1	CRELD2	CRTC2	CRYZL1	CSAD	CSNK1E	CTD-2228K2.7	CTD-2297D10.2	CTDSP2	CTTN	CUL9	CXXC1	CXXC5	CYB5R1	CYB5R3	CYP4F12	CYTH2	DAD1	DALRD3	DAP	DAP3	DAPK3	DAW1	DAZAP1	DAZAP2	DBN1	DBNDD1	DCAF6	DCAF8	DDIT3	DDIT4	DDX1	DDX17	DDX23	DDX39B	DDX3X	DDX41	DDX5	DEDD	DEF8	DEGS1	DENND4B	DENND5A	DENND6B	DESI2	DFNB31	DGKD	DHX15	DHX30	DHX9	DLG5	DMTF1	DMWD	DNAH9	DNAJB1	DNAJB11	DNAJB6	DNAJC4	DNALI1	DOK5	DPYSL4	DPYSL5	DTX3	DUSP12	DUSP23	DUT	DVL2	DVL3	DYNC1H1	DYNC2LI1	DYRK4	ECM2	EDC4	EFCAB1	EFCAB2	EFNB3	EGLN1	EHMT2	EIF1AX	EIF1B	EIF2D	EIF2S3	ELAVL1	ELN	ELP2	EMP3	ENAH	ENO2	ENSA	ENTPD6	EPRS	ERBB2	ERCC3	ERF	EVL	EWSR1	EXOC4	EXOSC10	FABP5	FABP5P7	FAM162A	FAM168B	FAM179A	FAM189A2	FAM192A	FAM193B	FAM63A	FAM81B	FAM96B	FBRS	FBXO44	FDPS	FERMT2	FEZ2	FGD5-AS1	FGFR2	FGFRL1	FH	FHAD1	FILIP1L	FIP1L1	FKBP4	FLAD1	FLII	FMNL2	FNBP1L	FNBP4	FOXJ1	FUBP1	FXR1	GABARAPL2	GALNS	GALNT2	GAPDH	GAS5	GAS8	GBA2	GCSH	GDF1	GDF10	GDI1	GDPD2	GEM	GEMIN8	GFAP	GGA2	GGH	GGPS1	GJA1	GLB1L2	GLMP	GLOD4	GLYR1	GNAI2	GNB1	GNL3	GNPAT	GOLGA2P7	GOLGA8A	GOLGA8B	GON4L	GORASP1	GPI	GPM6B	GPR162	GPR89A	GPSM2	GRAMD1A	GRAMD2	GRIA4	GRSF1	GSTM1	GSTM2	GSTM3	GSTM4	GSTM5	GTF2A2	GTF2I	GTF2IP1	GTF3C1	GTF3C2	GTF3C6	GYS1	H1FX	H2AFZ	H3F3A	H3F3AP4	HAUS7	HAX1	HDAC2	HDAC3	HDAC6	HDGF	HDHD2	HDLBP	HERPUD1	HIF1A	HIF3A	HILPDA	HK1	HK2	HKR1	HMGB1	HMGN1	HMGN2	HMGXB3	HN1	HNRNPC	HNRNPDL	HNRNPF	HNRNPH1	HNRNPK	HNRNPL	HNRNPU	HNRNPU-AS1	HOTAIRM1	HSD17B10	HSD17B7	HSP90B1	HSPA1B	HTATSF1	HUWE1	HYOU1	IARS2	ID2	IDI1	IDUA	IFI27L2	IFT140	IFT57	IGF2	IGSF1	IGSF8	ILF2	ILF3	ING4	INO80E	INPPL1	INTS3	IP6K2	IPO5	IPO9	IQCG	IRF2BP2	ISG20L2	IST1	ISYNA1	ITGA7	ITGB1BP1	ITPA	ITPKB	IVNS1ABP	JAM2	JTB	KARS	KAT2A	KATNB1	KCNJ10	KCTD17	KCTD3	KDM1A	KDM3A	KDM3B	KDM5B	KDM5C	KHDRBS1	KIAA0100	KIAA0895L	KIAA0907	KIF9	KIFAP3	KLHDC9	KLHL12	KRTCAP2	LAMA1	LAMA5	LAMB2	LAMC1	LAMTOR2	LAMTOR3	LAPTM4B	LARS	LBR	LENG8	LGALS8	LGR6	LIMK2	LINC00665	LINC00969	LINC01002	LINGO1	LIX1L	LLGL1	LMBR1L	LMNA	LMO3	LRBA	LRP10	LRRC4B	LRRC71	LRRN1	LRRN2	LSAMP	LSM14B	LUC7L	LYPLA2	LYPLAL1	LZTR1	M6PR	MAB21L2	MAGED2	MAN2C1	MANF	MAP1LC3A	MAP3K12	MAPK15	MAPK1IP1L	MAPK3	MAPK8IP3	MAPKAPK2	MAPRE1	MAPRE3	MARC2	MARCH6	MARCKS	MARCKSL1	MARK3	MARS	MAU2	MAZ	MBD1	MBD6	MBTPS1	MCL1	MCM3AP	MCM4	MDM4	MEA1	MEAF6	MED24	MEIS2	METTL13	METTL17	METTL3	METTL5	MEX3A	MFGE8	MFI2-AS1	MFSD10	MGEA5	MGST1	MGST3	MIA3	MIB2	MICAL3	MIF	MKRN1	MLF1	MLLT4	MLLT6	MMP17	MMS19	MOK	MORF4L1	MOV10	MOXD1	MPC2	MPI	MPRIP	MPZL1	MRFAP1	MRFAP1L1	MRPL24	MRPL3	MRPL51	MRPL52	MRPL55	MRPL9	MRPS14	MRPS25	MRPS5	MSH5	MSI1	MSL1	MSMO1	MSN	MSTO1	MSX1	MTA1	MTCH2	MTG1	MTMR11	MTND2P28	MTSS1L	MTX1	MUC1	MUS81	MVD	MXD4	MYEF2	MYL6B	MYO15B	NAA10	NAE1	NARS	NAV1	NBPF15	NCALD	NCAM1	NCAPD2	NCBP2	NCSTN	NDUFA3	NDUFA8	NDUFC1	NDUFS2	NDUFV1	NEK11	NELFCD	NENF	NEO1	NFASC	NFATC4	NFYC	NGFRAP1	NIPSNAP1	NIT1	NKAIN4	NLGN2	NLRP1	NMB	NME7	NMT1	NOC2L	NONO	NOP10	NOP2	NOP56	NOS1AP	NPEPPS	NPIPA1	NPIPB3	NPIPB4	NPIPB5	NPM1	NR2F1	NR2F1-AS1	NRBP2	NREP	NSL1	NSMF	NSUN2	NSUN5P1	NTPCR	NUCKS1	NUMA1	NUMBL	NUP133	NUSAP1	NUTF2	NVL	NXF1	OCIAD1	ODF3B	OGT	OSGEP	OXA1L	P4HA1	PAAF1	PABPC1L	PABPN1	PACS2	PAGR1	PALM	PAN2	PAQR6	PARP1	PARP2	PARP6	PAX3	PAX6	PBX1	PBX2	PCCB	PCED1A	PCGF2	PCGF3	PCMTD2	PCNP	PCNXL4	PCP4	PDCD6IP	PDE4DIP	PDE8A	PDIA3	PDIA4	PDIA6	PDLIM3	PDXK	PDZD4	PDZK1	PEA15	PER1	PEX11B	PEX19	PFDN2	PFKFB3	PFKFB4	PFKM	PFKP	PFN2	PGAM2	PGAP2	PGK1	PHC1	PHF1	PHF10	PHLDA3	PHLDB1	PHYKPL	PI4KAP2	PI4KB	PIAS3	PID1	PIFO	PIGC	PIK3R1	PIP4K2B	PIP5K1A	PITHD1	PITRM1	PKD1P6	PKM	PKN1	PLA2G6	PLCD1	PLCD3	PLCG1	PLD2	PLEC	PLEKHA7	PLEKHG4	PLEKHG5	PLIN2	PLOD2	PLP2	PLXDC1	PLXNA2	PLXNA3	PLXNB1	PLXNB2	PMF1	PNISR	PNKP	PNN	PNPLA7	PODXL2	POGK	POGZ	POLDIP3	POLR2A	POLR2B	POLR2J3	POLR3C	POMP	POU3F3	PPFIA4	PPIF	PPOX	PPP1R10	PPP1R12B	PPP1R15A	PPP1R1A	PPP6R2	PRCC	PRCP	PRKDC	PRKRIR	PRMT5	PRMT7	PRNP	PRODH	PRPF3	PRRC2A	PRRC2C	PRRT2	PRUNE	PSMA3	PSMA4	PSMB4	PSMC6	PSMD2	PSMD4	PSMD6	PSMD7	PSMF1	PSRC1	PTCD3	PTGES3	PTK2	PTMS	PTN	PTP4A1	PTPRF	PTTG1IP	PYCR2	PYGM	PYGO2	QARS	QTRT1	R3HDM2	RAB18	RAB1A	RAB29	RAB4A	RAB5B	RABAC1	RABL2A	RABL2B	RAD21	RAF1	RALGDS	RAN	RARA	RBCK1	RBM17	RBM23	RBM25	RBM34	RBM39	RBM4B	RBM5	RBM6	RBM8A	RBMX	RCN1	RCOR3	REC8	REEP2	RELN	RERE	RFWD2	RFX4	RFX5	RGL1	RGL2	RGS11	RHOBTB2	RHOBTB3	RIMKLB	RIT1	RMST	RMST_10	RNF182	RNF187	RNF2	RNF40	RNF44	RNH1	RNPEP	RNPS1	ROBO3	RP1-261G23.7	RP11-101E13.5	RP11-1212A22.1	RP11-1212A22.4	RP11-14N7.2	RP11-231C14.4	RP11-263K19.4	RP11-386G11.10	RP11-488L18.4	RP11-565P22.6	RP11-632C17__A.1	RP11-673C5.1	RP11-734K23.9	RP3-467D16.3	RP4-669L17.10	RP4-781K5.2	RPAIN	RPL22	RPL39P3	RPL7L1	RPN1	RPN2	RPRD2	RRAGD	RRNAD1	RSAD1	RSL24D1	RSPH1	RSPO2	RSPO4	RSRC2	RSRP1	RTFDC1	RTN1	RTN4	RUVBL1	RXRB	S100A16	SAFB	SAFB2	SALL2	SAMD11	SAP18	SAP30BP	SAR1A	SARNP	SCAMP3	SCAP	SCCPDH	SCNM1	SCOC	SCRIB	SDC3	SDCBP	SDCCAG3	SDCCAG8	SDF2L1	SDHC	SEC13	SEC24C	SEC31A	SEC61A1	SEC61G	SEC63	SELENBP1	SEMA3B	SEMA5B	SEMA6D	SENP6	SEP15	SEPT2	SEPT5	SERF1B	SERF2	SERP1	SETD5	SETDB1	SF1	SF3A1	SF3A3	SF3B1	SF3B3	SF3B4	SF3B6	SFI1	SFPQ	SFXN1	SGSM2	SGSM3	SH2B1	SH3BP5L	SHC1	SHISA4	SHMT2	SIN3B	SIRT2	SKIV2L	SLC22A3	SLC25A3	SLC25A36	SLC25A37	SLC25A44	SLC29A1	SLC2A1	SLC35E2B	SLC38A5	SLC39A1	SLC39A6	SLC3A2	SLC41A1	SLC41A3	SLC4A3	SLC7A5	SLTM	SMAD1	SMARCC2	SMARCD1	SMARCD3	SMEK1	SMG5	SMG7	SMO	SMOC1	SMPD4	SMYD3	SNAP47	SNAPIN	SNRNP200	SNRNP27	SNRNP70	SNRPB2	SNRPD1	SNRPD3	SNRPE	SNRPG	SNX1	SNX5	SOCS2	SORBS2	SPA17	SPAG6	SPAG8	SPATA17	SPEG	SPG11	SPG7	SPOCK1	SPPL2B	SPRY2	SRGAP2	SRP9	SRRM1	SRRM2	SRSF1	SRSF10	SRSF11	SRSF2	SRSF3	SRSF4	SRSF5	SRSF6	SRSF7	SRSF9	SSB	SSBP3	SSR2	ST8SIA1	STAC2	STARD3	STARD7	STAT2	STAT3	STAU1	STK11IP	STK33	STK36	STMN1	STRADA	STRAP	STX18	SUCO	SUGP1	SUGP2	SUMO2	SUMO3	SUN1	SUPT5H	SUSD4	SYNCRIP	SYNGAP1	SYT11	SZRD1	TADA1	TADA3	TAF1C	TAF1D	TAGLN3	TARBP1	TARDBP	TARS2	TAZ	TBC1D1	TBC1D9B	TBCD	TBCE	TCEAL2	TCERG1	TCF25	TCF3	TCP1	TCTEX1D1	TCTN1	TELO2	TERF2IP	TFDP1	THBS3	THBS4	THEM4	THOC1	THOP1	THRAP3	TIA1	TIAL1	TIMM17A	TIMMDC1	TIPRL	TKTL1	TMA7	TMCO1	TMED10	TMED2	TMED4	TMEM108	TMEM132A	TMEM161B-AS1	TMEM175	TMEM183A	TMEM231	TMEM50B	TMEM63A	TMEM9	TNC	TNFRSF10B	TNFRSF25	TNIP1	TNK2	TOB1	TOB2	TOMM20	TOP2B	TOR1AIP1	TOR3A	TP53BP2	TPD52L2	TPGS2	TPPP3	TPR	TRA2A	TRA2B	TRAF7	TRAPPC12	TRAPPC2L	TRIO	TRO	TSC22D3	TSC22D4	TSEN15	TSN	TSNAX	TTC17	TTC21A	TTLL3	TTLL4	TUBB	TYK2	U2AF2	UAP1	UBA1	UBA2	UBA7	UBAP2L	UBC	UBE2A	UBE2D3	UBE2E1	UBE2G2	UBE2N	UBE2Q1	UBE2V1	UBE2V2	UBQLN4	UBR4	UBR5	UBXN11	UCHL5	UCKL1	UFC1	ULK3	UPF3A	UPK3BL	UQCR10	UQCRC2	USF1	USH1C	USP10	USP21	USP7	UTP6	VANGL2	VAPA	VARS2	VEGFA	VGLL4	VIPR2	VPS39	VPS45	VPS52	VPS72	VSTM2L	VWA3A	WAC	WASH5P	WASH6P	WASH7P	WBP2	WBP5	WBSCR22	WDR11	WDR26	WDR27	WDR59	WDR6	WDR90	WEE1	WNK2	WNT11	WSB1	XBP1	XIST	XPO1	XPO6	XPR1	YTHDC1	YWHAZ	YY1AP1	Y_RNA	ZBTB18	ZC3H11A	ZFP36	ZFP36L1	ZIC1	ZIC2	ZIC4	ZMIZ1	ZMIZ2	ZMYND10	ZMYND11	ZNF146	ZNF384	ZNF423	ZNF496	ZNF532	ZNF638	ZNF672	ZNF687	ZNF692	ZNF76	ZRANB2	ZSWIM8
TH34_1399_S01-v8-lowstringency_pd_outliers	ABCA7	ABCC5	AC005154.6	AC093323.3	AC093850.2	AC132217.4	AC159540.1	ACIN1	ADGRB1	AIF1L	AKAP17A	AKAP8L	AL442127.1	AL603831.1	AL662801.1	ALOX15	AMT	ANKZF1	ANXA3	APBB3	APOA1	APOD	ARGLU1	ARHGAP21	ARTN	ATG4B	ATP11A	B3GALT6	BRD8	BTNL9	C11orf84	C11orf95	C17orf85	C1orf159	C20orf166-AS1	C5orf45	CACNA2D2	CADM1	CALM1	CAPN5	CCAR1	CCDC109B	CCDC14	CCDC23	CCDC93	CCL25	CCNL2	CDC16	CEP95	CERS4	CFI	CH17-232I21.1	CH507-513H4.1	CH507-528H12.1	CHD3	CHI3L1	CHRD	CHST1	CLDN6	CLSTN3	CNTROB	COL10A1	COL20A1	COL22A1	COL23A1	COL4A5	CTD-2007L18.5	CTD-2547H18.1	CTIF	CYP2S1	DDX17	DDX18	DDX46	DIO3	DMPK	DMTF1	DNM1L	DPP6	DUS3L	ECEL1	EGFL6	EHMT1	EIF2B5	ENTPD6	ENTPD8	EPCAM	ESYT2	EXOSC8	FAM132A	FAM156A	FAM160B2	FAM189A2	FAM193B	FAM43A	FAM89A	FAM91A1	FBN3	FBXO32	FENDRR	FNBP1L	FNBP4	FTCD	GABBR1	GAL	GALP	GBA2	GCA	GJB2	GJB6	GLS	GOLGA8B	GPBP1	GRB10	GSTA1	GUSB	HDAC6	HERC2P2	HHEX	HILPDA	HMGB1P1	HNRNPH1	HOPX	HP	HSBP1L1	IGF2	IGSF10	IL3RA	INTS6	IP6K2	IQCG	IRX2	ITGA1	ITIH2	ITIH5	KCNT1	KCTD12	KDM3A	KDM6A	KIAA0907	KIDINS220	KLK6	KREMEN2	KRT17	KRT18	KRT23	KRT8	LDB1	LEF1	LENG8	LINC00342	LINC00461	LINC00684	LINC00969	LINC01001	LINC01002	LINC01089	LIPG	LLNLF-173C4.1	LMBR1L	LOXL3	LPL	LRIG1	LRRN1	LSR	LSS	LUC7L3	LY6H	MAPK8IP3	MARCH6	MAST2	MAT2A	MEIS3	METTL3	MGEA5	MINK1	MIR503HG	MLLT4	MLLT6	MOB2	MPHOSPH8	MSLN	NADSYN1	NEDD4L	NELFB	NKTR	NPIPA1	NPIPB3	NPIPB5	NPIPP1	NRBP2	NRTN	NSMF	NSUN5P1	NTNG2	ODF2L	OGT	ONECUT3	ORMDL1	P4HA1	PABPC1L	PAN2	PAPD4	PAQR4	PCF11	PCGF3	PCNX	PDZD4	PHYKPL	PKD1P6	PLB1	PLD2	PLK5	PLXDC1	PLXNA3	PNCK	PNISR	PNN	POLI	POLR2H	PON2	PPFIBP1	PPIL3	PPP1R14C	PPP1R1B	PPP5C	PPP6R3	PPWD1	PRAME	PRPF3	PRPF38B	PRR22	PRR5L	PSIP1	PSMA3-AS1	PTAR1	PTDSS1	PTEN	PTPRQ	PYGB	RASGRF2	RBFOX3	RBM25	RBM38	RBM39	RBM5	RBM6	RGS12	RNF19A	RNF44	RP1-172N19.5	RP11-1212A22.4	RP11-20I20.4	RP11-231C14.4	RP11-394O4.5	RP11-488L18.4	RP11-496I9.1	RP11-673C5.1	RP11-734K23.9	RP11-89K21.1	RP4-669L17.10	RP5-902P8.12	RPL39P3	RPP30	RPRD1B	RUFY3	SCG2	SDHAP1	SEMA6C	SEPT11	SERPINB9	SETDB1	SF3B1	SHOX2	SLC19A1	SLC26A6	SLC29A4	SLC39A10	SLFN13	SLITRK2	SMC5	SMOC1	SMURF2	SNRNP70	SPACA6P	SPATC1L	SPINT1	SPINT2	SREK1	SRSF1	STAG3L5P-PVRIG2P-PILRB	STK36	STX16	SUGP2	SUPT20H	TAGLN3	TCERG1	TCP11L2	THOC1	THOC2	THUMPD3-AS1	TIA1	TIAL1	TMEM2	TMEM44	TMEM63C	TMX3	TNNT3	TOR4A	TPT1-AS1	TRA2A	TRIM29	TRIM67	TSPAN6	TTC17	TUBB8P12	TUBBP5	TUG1	TYRO3	U2SURP	UBE2G2	UBR5	UFM1	UNCX	VAV2	VEGFA	WDR19	WDR27	WISP1	WIZ	WSB1	WSCD2	YTHDC1	Y_RNA	ZFC3H1	ZFYVE16	ZMYM2	ZNF189	ZNF302	ZNF444	ZNF561	ZNF83	ZRANB2
TH34_1400_S01-v8-lowstringency_pd_outliers	AC022007.5	ACACB	ACADM	ACADS	ACAT1	ACO1	ACSL1	ACSS2	ADAM33	ADCK3	ADCY4	ADCY6	ADH1B	ADH1C	ADHFE1	ADIPOQ	ADIRF	ADRA2A	AGPAT2	AHSA2	AIFM2	AKAP1	AKR1C1	AKR1C2	ALAD	ALDH1L1	ALDH2	ALDH6A1	ALDOC	AMY2B	ANG	AOC3	AQP7	ASPH	ATP1A2	ATPAF1	AZGP1	BHMT2	BNIP3	BPHL	BTD	BTNL9	C14orf180	C19orf12	C1orf115	C2CD2	C6	CA3	CA4	CALB2	CALCOCO1	CAT	CAV2	CBX7	CCDC69	CD300LG	CD36	CDKN2C	CDO1	CEBPA	CFD	CFLAR	CHP1	CIDEA	CIDEC	CISH	CNTFR	CPM	CRYAB	CS	CSAD	CTIF	CYB5A	CYP4B1	CYSTM1	DAPK2	DBI	DECR1	DGAT1	DGAT2	DHDDS	DHRS11	DMTN	EBF1	ECHDC2	ECHDC3	ECHS1	ECM2	EEPD1	ELMOD3	EMC3	ENGASE	ENOSF1	EPHX1	ESYT1	ETFA	ETFDH	EZH1	FABP4	FADS3	FAH	FAM213A	FAM219B	FAM47E-STBD1	FAM89A	FASN	FERMT2	FGFRL1	FHL1	FMO2	FZD4	G0S2	GABRE	GDPD5	GHR	GLYAT	GPAM	GPD1	GPR146	GPT	GPT2	GSDMB	GSN	GYG2	HACD2	HADH	HCAR2	HEBP2	HECTD3	HK2	HMGN2P15	HOOK2	HRASLS5	HSDL2	HSPB7	IDH1	INPP5K	ITGA7	ITGB1BP1	ITPK1	ITSN1	JAM2	KCNIP2	LDHD	LENG8	LEP	LGALS12	LGI4	LINC01002	LINC01089	LINC01140	LINC01485	LIPE	LPL	LVRN	LYVE1	MALAT1	MAN2C1	MAOA	MAOB	MARC1	MARC2	MCCC1	MDH1	ME1	MEOX2	MESP1	METTL5	MGST1	MLLT6	MLX	MLXIPL	MMD	MOCS1	MRAP	MRAS	MT-ATP6	MT-ATP8	MT-CO1	MT-CO2	MT-CO3	MT-CYB	MT-ND1	MT-ND2	MT-ND3	MT-ND4	MT-ND4L	MT-ND5	MTATP6P1	MTHFD1	MTND2P28	MTURN	MUSTN1	MYH11	MYO1C	MYOC	MYZAP	NAT8L	NDRG2	NEAT1	NEIL1	NFU1	NMB	NOSTRIN	NPIPB3	NPIPB5	NRBP2	NSMCE4A	ORMDL3	PALMD	PC	PCCA	PCK1	PDE1B	PDE2A	PDHA1	PDK2	PDXK	PECR	PEX19	PFKFB3	PGM1	PHLDB1	PHYKPL	PLA2G16	PLA2G2A	PLA2G6	PLIN1	PLIN4	PLIN5	PNPLA2	PPARG	PPP1R16A	PPP1R1A	PPP1R1B	PPP2R1B	PPP2R5A	PRKAR2B	PRKCD	PRPF3	PRRT4	PTGER3	PTPRS	RAPGEF3	RASA4	RBP4	RDH5	RETSAT	RHOQ	RNA5SP216	RNASE4	RP1-28O10.1	RP11-162P23.2	RP11-231C14.4	RP11-369J21.13	RP11-394O4.5	RP11-681H18.2	RP11-903H12.5	RTN3	S100B	SCARA5	SCD	SCRN2	SEMA3G	SGCG	SHANK3	SIK2	SLC19A3	SLC25A10	SLC25A27	SLC29A4	SLC2A4	SLC7A10	SNCG	SNX21	SORBS1	SPTBN1	ST6GALNAC6	STAT5A	SUCLA2	SUCLG2	TF	THRSP	TIMP4	TK2	TKT	TM7SF2	TMEM132C	TMEM37	TMEM63A	TMEM80	TNNT3	TNS1	TNS2	TNXB	TP53I13	TRHDE-AS1	TSPAN3	TST	TTC38	TUSC5	TYRO3	UGP2	VKORC1L1	WASH5P	ZBTB7B	ZNF219	ZNF83
TH34_1412_S01-v8-lowstringency_pd_outliers	ABCA5	ABI1	ABO	AC005256.1	AC093323.3	AC104809.4	AC138035.2	ACCS	ADAMTS17	ADAMTSL5	ADGRB1	ADGRF5	ADGRG2	ADIRF-AS1	AFF4	AGR2	AIF1L	AKAP17A	AKAP8L	AL603831.1	ALOX15	ALS2	ANK3	ANO9	ANXA3	AP000275.65	AP004550.1	AP2A2	APOA1	APPL1	ARF3	ARHGAP35	ARL8A	ARTN	ASNSD1	ATF7	ATF7IP2	ATP2B2	ATXN2	ATXN3	B3GAT1	B3GNT6	BAIAP3	BCL9L	BTNL9	C11orf30	C11orf57	C11orf80	C11orf84	C16orf89	C1QTNF7	C1orf159	C21orf59	C5orf30	CACNA2D1	CACNA2D2	CADM1	CALM1	CAMK2A	CAMK2B	CAPN5	CBLL1	CBLN1	CBWD1	CCDC40	CCDC68	CCK	CCL25	CCNK	CDH1	CDH4	CELSR1	CELSR3	CERS4	CH17-232I21.1	CH507-254M2.1	CH507-513H4.1	CH507-528H12.1	CHD2	CHD3	CHD8	CHI3L1	CHRNA4	CIZ1	CLDN3	CLK3	CLNS1A	CLPTM1L	CLSTN3	CMTM4	CNOT3	COG5	COL20A1	COL23A1	CP	CPLX1	CPSF7	CRTC1	CRTC2	CRTC3	CTD-2007L18.5	CTD-2193P3.2	CTD-2547H18.1	CTD-3193O13.11	CTNNA1	CTTNBP2NL	CWC27	CXXC4	CYP2S1	DDX18	DDX5	DDX6	DHX16	DIS3L2	DLX1	DNAJB6	DPCD	DPF1	DPP6	DROSHA	DYNC2LI1	ECEL1	EFHD1	EHF	EHMT1	EIF2B1	EIF4G2	EMC6	ENTPD6	EPCAM	EPM2AIP1	EPS8L1	ERBB2	ERBB2IP	ERP27	ESRP1	ESRP2	ESYT2	FAM103A2P	FAM111A	FAM124A	FAM132A	FAM133B	FAM153A	FAM153B	FAM189A1	FAM193B	FAM214A	FBRS	FBXO38	FBXW4	FCHO2	FIP1L1	FKBP2	FOXA2	FOXC2	FOXJ3	FOXL1	FTCD	FTCD-AS1	GAL	GALP	GCA	GCLC	GIT1	GJB2	GJB6	GNRHR2P1	GSK3B	GTF2IP1	GUSBP3	HACD3	HDHD2	HEXIM1	HGFAC	HHEX	HIBCH	HIPK2	HMGB1P1	HNRNPR	HOXB3	HP09025	HSD17B4	HSPA9	HUWE1	IGSF10	IL2RB	INSIG1	INTS6	IQCG	IRX4	ISM1	ITGA6	ITIH2	ITIH5	KCNT1	KDM4B	KDR	KIAA0319L	KIAA0355	KIAA0368	KIAA0430	KIAA1191	KLHL25	KLK6	KMT2C	KRT10	KRT8	KRTAP5-4	LARP1	LEF1	LEPROTL1	LGALS2	LGALS8	LINC00165	LINC00261	LINC00684	LINC01002	LINC01420	LL22NC03-N95F10.1	LLNLF-173C4.2	LLNLF-176F2.1	LMO7	LOXL3	LRRC55	LSR	MAL2	MAML1	MAP7	MAPK1IP1L	MAPK3	MATR3	MBD4	MERTK	MIA3	MILR1	MLLT10	MLLT4	MLLT6	MLXIP	MNT	MOB2	MSLN	MT-ATP8	MT-ND1	MT-ND2	MTATP6P1	MTERF4	MTRR	MUC2	MUC6	MYO16	NACC1	NCOA2	NECAP1	NEDD1	NEDD4L	NGB	NMT1	NOLC1	NOMO3	NRXN1	NSMF	NT5C2	NTNG2	NUFIP2	NUMB	ONECUT3	OSBPL9	PABPC1L2B-AS1	PABPN1	PAK1	PANK1	PAPLN	PCDHB14	PCDHB5	PCGF2	PCNX	PDE8B	PDK2	PHLDB3	PIAS1	PLB1	PLCH2	PLEKHA6	PLK5	PNCK	POLG2	POM121C	POMT2	PPAPDC2	PPIP5K2	PPP1R1B	PPP2R2A	PPP2R2C	PPP6R3	PRG4	PRICKLE4	PRKAB1	PRKAR2B	PRR36	PRR5L	PSIP1	PTPRN2	PTPRQ	PUM1	R3HDM2	RAB18	RAB6A	RAB7A	RAB8B	RAD17	RAP1GAP2	RAPGEF2	RASGRF2	RBFOX3	RBM12	REXO1	RFC1	RFC5	RGS12	RGS5	RIC8B	RNPC3	RP1-172N19.5	RP1-69M21.2	RP11-1277A3.2	RP11-158M2.3	RP11-242D8.3	RP11-417N10.4	RP11-423H2.1	RP11-497H16.5	RP11-554I8.1	RP11-61A14.1	RP11-69E11.4	RP11-844P9.2	RP4-613B23.5	RPL23AP3	RPL29P11	RPS6KB1	RSRC1	RSRC2	RTP5	SCAMP1	SCAP	SDC3	SDCCAG8	SENP2	SEPT3	SERINC5	SERPINB1	SERPINB9	SF3A1	SIMC1	SLC19A1	SLC22A23	SLC25A27	SLC26A6	SLC6A13	SLC7A1	SLC8A2	SLFN13	SLITRK2	SLTM	SMN1	SMN2	SMPDL3B	SMURF2	SNAP29	SNORA22	SNORA51	SOS1	SOX2	SOX21	SPATA13	SPATC1L	SPINT1	SPTLC1	SRPK1	SRSF5	SSTR3	ST14	ST3GAL3	STK24	SUMO1	SUOX	SYBU	SYNJ1	Six3os1_2	TC2N	TCP11L2	TF	TGFBR3L	TGIF2	TH	THOC3	TMCO6	TMEM2	TMEM63C	TMEM8B	TOR4A	TP53BP2	TRIM24	TRIM29	TRIM33	TRIM67	TRPM2	TTC13	TTC8	TUBB2A	TUBB4B	TUBB8P12	TUBBP5	TUSC1	TYRO3	UBAP2	UBAP2L	UBE2E2	UNC5A	UNC5B-AS1	UNCX	UQCR10	USP10	USP53	USP54	VAV2	VIPAS39	WDR11	WDR60	WIPF2	WIZ	XKR8	XXbac-BPG252P9.9	Y_RNA	ZDHHC22	ZFR	ZFYVE16	ZMYND11	ZNF189	ZNF292	ZNF444	ZNF641	ZNF644	ZNF815P
TH34_1414_S01-v8-lowstringency_pd_outliers	AC066694.1	AGAP2-AS1	AKR7A3	AL109927.1	AL132780.1	AL662801.1	ANKRD52	ANKRD6	AP003041.1	ARHGEF25	ARMCX6	CCER2	CDK4	CELA2B	CNPY2	COQ10A	CPA4	CS	CSAG1	CSAG3	CTAG1A	CTAG1B	CTAG2	CTD-2314G24.2	DAPL1	DCTN1	DCTN2	DDIT3	DRGX	DTX3	DYNLRB1	EIF3I	EPHA8	EXOC7	FAM110A	FAM127B	FAM192A	FAM200B	GNB1	GOLGA7	GRM2	IGHV1-18	IGHV3-49	IGHV4-59	IGHV6-1	IGKV1-27	IGLV1-44	KCND3	KIAA0556	KIF19	KIZ	LA16c-312E8.4	LINC01082	MAPK1IP1L	MARCH9	MBD6	ME2	METTL1	METTL21B	MIEN1	MT-ATP8	MTND2P28	MYL6	NABP2	NEAT1_2	NEK6	NMT1	NOS1	NUTF2	OST4	PAN2	PDZD11	PEA15	PIP4K2C	PIPOX	PLEKHH1	PRDM12	PRL	PSMB2	RBMX2	RN7SK	RNF41	RNU6-112P	RP11-478C6.4	RP11-632C17__A.1	RP11-977G19.5	SH2D5	SLC6A1	SLC6A3	SMARCC2	SNAP29	SNHG25	STAT2	THY1	TMSB10	TPGS2	TSFM	TSPAN31	TTC39C	TUBGCP3	ZDHHC22
TH34_1415_S01-v8-lowstringency_pd_outliers	ABCC8	ABTB1	ADAMTS10	ADD3	ADGRA2	ADGRB1	AGER	AL132780.1	AL662801.1	ANGPT2	AP003041.1	AP1M2	BCHE	BCL2A1	C5orf46	CBLN2	CCAR1	CCDC3	CCDC80	CCL18	CEMIP	CH17-232I21.1	CLDN7	CLEC11A	COL5A3	COL9A1	COLEC11	CRH	CROCC	CSF3R	CTB-134H23.3	CTD-2308N23.2	CTD-3214H19.16	CTSL	CXCL17	CXCL2	CXCL8	CYGB	DIO3	DIO3OS	DLK1	DLL4	EHD3	EME2	ETV4	ETV5	EVA1B	FAM213A	FBP1	FLRT2	FLT4	GK	HBA1	HBA2	HBB	HBG2	HMOX1	HP	ICOSLG	IFFO1	IGHA2	IGHV3-7	IGKV1D-13	IGLC7	IGLV2-8	IL6	KCNJ8	KIZ	KLF2	KRT19	LA16c-361A3.3	LAMA4	LINC01164	LINC01272	LINC01393	LOXL2	LUC7L3	LXN	MAP2	MAPK8IP3	MARCO	MCC	MEG3	MIR671	MIRLET7D	MMP12	MMP23B	MT-ATP6	MT-ND4	MTATP6P1	MYBPC2	NAPSA	NDUFA4L2	NEAT1_2	NID2	NMT1	NPIPB3	NPIPB4	NPTX2	PCDH18	PCSK6	PDE8B	PEAR1	PHLDA2	PITPNC1	PLA2G2A	PLAC9	PLOD1	PLXDC1	POLE	PPP1R12A	PTGIR	PTGIS	PTX3	RGS4	RGS5	ROBO1	RP11-1212A22.4	RP11-166D19.1	RP11-323N12.5	RP11-343H5.4	RP11-82L18.2	RP4-765C7.2	SCARA5	SCGB1A1	SCGB3A2	SEPT4	SFTA2	SFTPA1	SFTPA2	SFTPB	SFTPC	SFTPD	SHISA3	SLC11A1	SLC1A6	SLC26A6	SLC34A2	SNHG25	STAB1	STXBP5-AS1	SULT1A1	SULT1E1	SYCE1L	TFPI2	TIMP1	TNFRSF11B	TNFRSF6B	TREM1	TRH	UACA	VEGFC	VGF	Y_RNA
TH34_1444_S01-v8-lowstringency_pd_outliers	AAAS	AAK1	ABAT	ABCD4	ABCF3	ABI1	ABI2	ABI3BP	AC010641.1	AC093838.4	AC138035.2	ACIN1	ACOX2	ACP2	ACSF2	ACSF3	ACSS1	ADAM9	ADCY9	ADGRA3	ADGRF5	ADIPOR1	AGAP3	AHDC1	AKAP17A	AKAP8L	AKT1	AKT1S1	AKT2	AL442127.1	AL662801.1	ALAD	ALAS1	ALG13	ALG3	ANAPC5	ANAPC7	ANK3	ANKRD11	ANKZF1	AP003041.1	AP1G2	AP2A1	APBB2	APCDD1	APEX1	AREL1	ARFGAP1	ARHGAP22	ARHGAP24	ARHGAP27	ARHGAP35	ARHGAP8	ARHGAP9	ARHGEF10	ARHGEF17	ARHGEF19	ARHGEF2	ARHGEF7	ARHGEF9	ARID1A	ARID3A	ARIH2	ARL8A	ARRDC1	ASAP2	ASL	ASPSCR1	ATF5	ATF6B	ATG16L2	ATG4B	ATN1	ATP13A1	ATP6V0C	ATXN2	ATXN2L	AUTS2	BABAM1	BAZ2A	BCAR1	BCL9	BCL9L	BCLAF1	BCOR	BCR	BDH1	BEND7	BLNK	BMF	BMP7	BOP1	BPTF	BRD2	BRD4	BRPF3	BTNL9	C19orf43	C20orf27	C5orf15	CABIN1	CACYBP	CAMTA2	CARD8	CASC3	CCDC130	CCDC14	CCDC57	CCDC93	CCNK	CCNL1	CDC27	CDCA7L	CDIP1	CDK16	CELF1	CENPT	CENPV	CERCAM	CERS4	CGN	CHD2	CHD8	CHERP	CIC	CIZ1	CLASRP	CLK2	CLK3	CLPP	CLUH	CNNM4	CNOT1	CNOT11	CNOT2	CNOT3	CNOT7	CNTD2	CNTFR	COASY	COL4A2	COL6A1	COL9A3	COPS7B	COQ4	CPNE2	CPSF3L	CPSF6	CPSF7	CRACR2B	CREB1	CREBBP	CRTC2	CS	CSNK1G2	CSRP2	CTC-435M10.3	CTDSP1	CWH43	CXXC1	CYB5R3	CYTH1	CYTH3	DAZAP1	DCAF5	DCBLD2	DCTN1	DDX17	DDX23	DDX42	DDX5	DEK	DGKZ	DICER1	DKC1	DLG3	DLG5	DLST	DMAP1	DMPK	DMTF1	DMTN	DNM2	DNMT1	DPH1	DVL3	DYNC1LI2	DYRK1B	E2F4	EBF4	ECHDC2	EDC4	EHMT1	EIF2B2	EIF4E2	EIF4ENIF1	EIF4G2	EIF4G3	EMID1	ENSA	ENTHD2	ENTPD6	EP300	EPS8L2	ESRP2	EVPL	EWSR1	EXOC7	EXT1	F11R	FAM111A	FAM133B	FAM160A2	FAM160B2	FAM168B	FAM189A2	FAM192A	FAM193B	FAM49A	FAM63A	FAR2P1	FARSA	FBF1	FBRS	FBRSL1	FIP1L1	FKBP1A	FNBP4	FNDC3B	FOXE1	FOXK2	FOXP4	FPGS	FUBP3	FURIN	FXR2	FXYD6	G6PD	GAA	GALNT10	GARS	GART	GBA2	GCLC	GCN1L1	GFER	GGA2	GIGYF1	GLB1L2	GLYR1	GNA11	GOLGA7	GOLGA8M	GOLGA8N	GOLGA8O	GOLGA8Q	GOLGA8R	GORASP1	GPR137	GRAMD4	GSE1	GSK3A	GSTM2	GSTM4	GTF2I	GTF2IP1	GTF3C2	GTF3C5	GTPBP1	GTPBP2	GUSB	GYLTL1B	H1F0	H1FX	H2AFX	H2AFY	H2AFY2	HAAO	HBA1	HBA2	HDAC6	HECTD4	HIF1A	HIF3A	HN1L	HNRNPD	HNRNPH1	HNRNPH3	HNRNPUL1	HP1BP3	HTT	HUWE1	IDH2	IFFO2	IFNGR2	IFT122	IGDCC3	IGF2BP2	IKBKB	IKZF4	IL22RA1	ILF3	INCENP	INO80E	INPPL1	INTS3	IP6K2	IPO13	IPO9	IRF2BP2	IRX2	ISG20L2	ITFG2	ITGB1P1	JAZF1	KALRN	KANSL1	KCNK3	KCTD3	KDM2A	KHNYN	KHSRP	KIAA0195	KIAA0368	KIAA0430	KIAA0907	KIAA1191	KIT	KLF13	KLHDC4	KMT2C	KMT2D	KMT2E	KRT78	KSR1	KXD1	LAMC1	LARP1	LDB1	LENG8	LINC00665	LINC00969	LINC01001	LINC01002	LINC01420	LMBR1	LRCH4	LRP5	LRP5L	LSM14B	LTBP3	LUC7L2	LUC7L3	LYPLA1	M6PR	MAEA	MAGI1	MAML1	MAN2A2	MAP3K1	MAP4K4	MAPK1IP1L	MAPK3	MAPK8	MAPK8IP3	MAPKBP1	MARK2	MARK3	MARVELD2	MAU2	MAZ	MBD1	MBD6	MBP	MCM2	MCM4	MCM5	MED14	MED24	MED25	MEN1	MEST	METTL17	MGRN1	MIA3	MIB2	MIER2	MINK1	MKNK2	MLLT1	MLLT4	MLXIP	MOGS	MOV10	MPDU1	MPRIP	MROH1	MROH6	MRPL38	MSL1	MT1H	MTA1	MTATP6P1	MTDH	MTERF4	MTG1	MTMR3	MVD	MYO19	MZF1	NACC1	NADK	NADSYN1	NAGK	NASP	NBEAL2	NCOR1	NCOR2	NECAB3	NECAP1	NET1	NF1	NFE2L1	NFYC	NID2	NKIRAS2	NMT1	NOL4L	NOLC1	NOMO1	NONO	NPEPPS	NPIPB3	NPIPB4	NPIPB5	NR2F6	NRBP1	NREP	NUDT21	NUFIP2	NUMA1	NUMB	NUP62	NUP98	NUTF2	NYNRIN	OBSL1	OGFOD3	OGG1	OSBP2	OXA1L	PABPC1	PABPN1	PAK4	PAPOLA	PARP10	PARP6	PAWR	PAX8	PAX8-AS1	PBX2	PCGF2	PCMTD2	PCNXL3	PDHA1	PELP1	PHC1	PHF12	PHF21A	PHF23	PHYKPL	PI4KAP1	PI4KAP2	PIAS1	PIAS4	PIGL	PIK3R2	PILRB	PITPNM1	PKNOX1	PKNOX2	PLA2G6	PLCG1	PLEKHG2	PLEKHH1	PLSCR1	PML	PNISR	PNKP	PNN	POGZ	POLD2	POLR2A	POLR3E	POM121	POM121C	PPFIBP2	PPIL2	PPP1R10	PPP1R12A	PPP1R12C	PPP1R13B	PPP1R2	PPP1R37	PPP2R5C	PPP4R1	PPP5C	PPP6R1	PPP6R3	PRAME	PRCC	PRDM2	PRELID1	PRKAA1	PRKAB1	PRKCD	PRKCH	PRMT7	PROM2	PROSER1	PRPF3	PRPSAP1	PRR14	PRRC2C	PRUNE	PSMB2	PSMC6	PSMF1	PTBP1	PTEN	PTK2	PTOV1-AS2	PTPN18	PTRHD1	PUF60	PXN	PYY2	QKI	QRICH1	QTRT1	R3HDM1	R3HDM2	RAB15	RAB7A	RAB8A	RABL6	RAD23A	RAF1	RAI1	RAPGEF2	RASSF4	RBM12	RBM14	RBM23	RBM25	RBM5	RBM6	RBPMS	RCOR3	RDX	RELA	REPIN1	RERE	RGAG4	RGL2	RHNO1	RHOT1	RMND5B	RNF167	RNF25	RNF31	RNF4	RNF44	RNPC3	ROGDI	RP11-1000B6.3	RP11-1212A22.4	RP11-192N10.2	RP11-206L10.1	RP11-231C14.4	RP11-274B21.2	RP11-295P9.3	RP11-34P13.15	RP11-386G11.10	RP11-589N15.2	RP11-632K20.8	RP11-65I12.1	RP11-680F20.12	RP11-793H13.8	RP11-834C11.4	RP4-555D20.1	RP4-669L17.10	RP4-669L17.8	RPH3AL	RPS6KB2	RSPRY1	RSRC2	SAFB	SARS2	SBNO2	SCAMP2	SCAP	SCGB1A1	SCMH1	SCUBE3	SEC23IP	SEMA3D	SEMA4B	SENP2	SEPT8	SETD5	SETD8	SF1	SF3A1	SF3A2	SF3B4	SFRP1	SFSWAP	SGIP1	SGSM3	SGTA	SH2B1	SH3D19	SH3D21	SH3GL1	SH3GLB2	SH3RF2	SHKBP1	SIDT2	SIGLEC7	SIPA1L3	SIRT2	SKA2	SLAIN2	SLC12A6	SLC16A11	SLC20A2	SLC25A27	SLC25A29	SLC29A4	SLC35D2	SLC38A2	SLC39A13	SLC39A14	SLC44A2	SLC4A5	SLC9A3R1	SLTM	SMAD3	SMAD4	SMARCC1	SMARCC2	SMARCD2	SMARCE1	SMG7	SMIM1	SMN1	SMN2	SMOC1	SMPD4	SMTN	SNRNP70	SNX12	SNX8	SORBS2	SOS1	SP1	SPEN	SPIRE2	SPPL2B	SRCAP	SREBF2	SREK1	SRRM1	SRRM2	SRRT	SRSF10	SRSF11	SRSF2	SRSF4	SRSF5	SRSF6	SS18	SSBP3	ST14	ST5	STAG3L5P-PVRIG2P-PILRB	STARD3	STK25	STK36	STRN4	SUGP1	SUOX	SUPT20H	SUPT6H	SYMPK	SYNE2	SYTL3	TAF1C	TAOK2	TARBP2	TBC1D10C	TBC1D4	TBC1D9B	TBX22	TCF12	TCF3	TCF7L1	TCF7L2	TEAD3	TESK1	TEX2	TFDP1	TFDP2	TGIF2	THAP9-AS1	THBS3	THOC2	TIA1	TIE1	TKT	TLE2	TLE6	TMEM11	TMEM175	TMEM180	TMEM183A	TMEM184B	TMEM189	TMEM254	TMEM259	TMEM8B	TNFRSF1B	TNIP1	TNPO1	TNRC18	TNRC6A	TNS1	TOM1L2	TOP2A	TOX4	TP53	TP53BP1	TP53I11	TPM2	TRA2B	TRAF4	TRAF7	TRAK1	TRIM33	TRIP10	TRMT2A	TRPC6	TSC2	TSG101	TSPAN14	TTC17	TTYH2	TTYH3	TUBA1B	TUBG1	TUG1	TYK2	TYMS	U2AF2	U2SURP	UBALD1	UBALD2	UBAP2L	UBE2G2	UBE2O	UBE2Q1	UBE2S	UBE2V1	UBP1	UBTF	UCKL1	ULK3	UPF3A	USP10	USP32P1	USP5	USP7	VAMP2	VCL	VEGFC	VGLL4	VLDLR	VPS37B	VPS52	WAC	WASF2	WASH5P	WASH6P	WASH7P	WDR11	WDR59	WDR6	WHSC1	WIPI2	WNK1	XPNPEP1	XPR1	XXbac-BPG252P9.9	YY1AP1	Y_RNA	ZBED5	ZBTB7B	ZC3H14	ZC3H18	ZC3H3	ZCCHC11	ZDHHC12	ZDHHC18	ZDHHC8	ZFR	ZMIZ2	ZMYND11	ZNF207	ZNF219	ZNF362	ZNF384	ZNF385A	ZNF444	ZNF580	ZNF608	ZNF692	ZNF76	ZNRF1	ZSWIM8	ZWINT
TH34_1445_S02-v9-lowstringency_pd_outliers	AC132217.4	ACSF2	ACTG1	AGAP1	AL603831.1	AL662801.1	ALDH1A3	ANKRD11	AP003041.1	AP2A2	ARHGAP17	ARHGDIA	ARL8A	ARRDC3	ASAP1	ASNSD1	ATXN2	BAZ2A	BCL9L	BCLAF1	BMI1	BPTF	BRD4	CACNG5	CAPN5	CBWD3	CBX4	CCDC82	CDC42SE1	CDH19	CEP95	CHAD	CIC	CIZ1	CLEC2B	CLK2	CLK3	CNOT2	COL13A1	COL9A1	CRTC2	CTHRC1	CTSB	CTSD	CTSL	DBN1	DDX3X	DDX42	DDX5	DENND4B	DGKA	DMWD	EIF4E2	EMC6	EPHB2	EPN2	ERF	ERO1L	EXOC7	FAM104A	FAM127B	FAM133B	FAM193B	FAM95B1	FBRS	FCRLA	FIP1L1	FKBP2	FNBP4	FOXK2	FPGS	FTSJ3	GATAD2A	GGA2	GGA3	GOLGA2	GON4L	GRB2	GTPBP2	H19	HILPDA	HMGA1	HMGN1	HNRNPH1	HSPA1A	IGF2	IGSF9B	ING1	INTS3	IPO9	ISG20L2	KCTD13	KIAA0907	LENG8	LGALS8	LGI4	LINC01002	LMO1	LPAR2	LTBR	LUC7L3	M6PR	MAGEC2	MAP3K12	MAPK1IP1L	MARK3	MBD6	MEF2D	MEG3	METRNL	MIA3	MMP15	MORF4L1	MSTO1	MTMR4	MTRR	NACC1	NGFR	NKX2-2-AS1	NMT1	NPLOC4	NRP1	NSRP1	NT5C	ODF2	P4HB	PCBP1-AS1	PDLIM7	PGS1	PHF23	PIP5K1A	PITPNM1	PKDCC	PMEPA1	PNN	POGZ	PPP1R2	PPP1R9B	PRKAR1A	PRRC2C	PSMC6	PSMD12	PTEN	PTPN12	RAB7A	RAB8B	RABL2B	RAD51C	RBM12	RBM8A	RCOR3	RELA	RIC3	RNF31	RP1-261G23.7	RP11-159D12.5	RP11-274B21.2	RPS6KB1	RSRC2	SATB1	SDK2	SENP2	SETDB1	SF1	SF3B4	SFXN3	SLTM	SMG7	SMTN	SNX12	SPG20	SPRED3	SREK1	SRSF1	SRSF11	SRSF5	STRADA	SUMO1	SUPT6H	TANC2	TESK1	THBS1	THEM4	TLK2	TP53BP1	TRA2A	TRA2B	TRIP12	TRPM8	UBAP2L	UBE2Q1	UBE2Z	USP5	VEGFA	WIPF1	XPNPEP1	ZC3H7A	ZNF337	ZSWIM8
TH34_1446_S01-v9-lowstringency_pd_outliers	AL132780.1	AL442127.1	AL662801.1	ALDH1A3	AP003041.1	APOD	AQP7P1	ARHGAP32	C2orf82	CC2D1A	CD55	CDH13	CHRDL1	CNIH3	CNTNAP3B	COL12A1	COL13A1	COL22A1	CRLF1	CTC-575D19.1	CTHRC1	DKK1	EHBP1L1	EPHA3	FCRLA	FP325317.1	FST	FXYD5	GDNF	GSN	ITGB3	KLF2	LGI4	MFI2	MIA	MICALL2	MIR671	MRPS6	MT-ATP6	MT-ATP8	MT-CO1	MT-CO2	MT-CO3	MT-CYB	MT-ND1	MT-ND2	MT-ND3	MT-ND4	MT-ND4L	MT-ND5	MT-ND6	MTATP6P1	MTND1P23	NEAT1	NEAT1_1	PHLDA2	PLAC9	PLEKHG4	PODNL1	PODXL	PPFIBP1	RNA5SP244	RP11-156L14.1	RP11-323N12.5	RP11-380M21.2	RP11-3L21.2	RP11-698N11.2	RP11-809N8.5	RP5-857K21.11	RP5-857K21.7	SERPINB2	SLC26A2	SLCO4A1-AS1	SNTB1	SNX1	SOD3	SPHK1	ST8SIA5	TESC	THBS4	TRPM8	TRPV4	UCN2
TH34_1447_S01-v9-lowstringency_pd_outliers	AAMP	ABCF1	ABCF2	AC006011.4	AC011558.5	AC132217.4	ACIN1	ACOT13	ACP1	ADAT1	ADGRA2	ADORA3	AFG3L2	AGBL5	AKIRIN2	ALDH1A2	ALG13	ALKBH5	ANP32B	ANP32E	AP1G2	APEX1	APOC4-APOC2	ARF1	ARHGAP4	ARL16	ASH2L	ATAD3A	ATAD3B	ATG4B	ATIC	ATPAF2	B4GALT3	BAZ1A	BCLAF1	BLMH	BOD1	BPHL	BRAT1	BRD9	BRE	BRIX1	BRMS1	BUB1B	C11orf24	C14orf119	C14orf166	C1orf35	CABYR	CACYBP	CAD	CARM1	CBWD1	CBWD2	CBWD3	CBWD5	CBWD7	CBX2	CCAR1	CCDC58	CCDC59	CCDC86	CCNC	CCNE1	CCT3	CCT6A	CD163L1	CD2BP2	CDC37	CDK11A	CDK11B	CENPN	CENPW	CFDP1	CFH	CHCHD3	CHD1L	CHD8	CHMP2A	CHMP4A	CHTF8	CHTOP	CIAPIN1	CIRH1A	CKS1B	CLINT1	CLK2	CLPTM1L	CNOT1	CNOT11	CNOT3	CNOT7	COA1	COL12A1	COL2A1	COMMD9	COPS3	COPS7B	COX5B	CPSF2	CPSF3	CPSF6	CRABP2	CSNK2B	CTPS1	CTSL	CXorf56	CYCS	DACT1	DAZAP1	DBNL	DCUN1D5	DDX1	DDX10	DDX18	DDX19A	DDX19B	DDX27	DDX5	DDX56	DES	DFFA	DHX16	DKC1	DMKN	DNAAF5	DNAJC11	DNAJC2	DNAJC7	DNMT3A	DPAGT1	DRG2	DUS1L	DUSP12	DUXAP8	DUXAP9	EAPP	EBNA1BP2	ECHDC1	ECI2	EDC4	EEF1E1	EIF2B4	EIF2S2	EIF3B	EIF3G	EIF3M	EIF4A3	EIF4E2	EIF4EBP1	EIF5B	ELAC2	ELAVL1	ELFN1-AS1	ELP2	ELP3	EMC9	EME1	ENSA	EPHB4	EPN1	ERAL1	ERVK3-1	EXOSC1	EXOSC3	FAM126A	FAM136A	FAM177A1	FAM192A	FAM50A	FAM98A	FANCA	FARSB	FBLIM1	FBRS	FHOD1	FIP1L1	FKBP4	FKBP7	FLAD1	FLII	FOXC1	FOXP4	FTSJ1	FTSJ2	FTSJ3	GALE	GARS	GEMIN2	GET4	GFAP	GGA2	GGCT	GMPR2	GMPS	GNB2L1	GNL2	GNL3	GNPAT	GNPDA1	GOLGA2	GOLGA7	GPATCH4	GPBP1L1	GPC3	GPN1	GRPEL1	GTF2E2	GTF2H4	GTF3C2	GTF3C6	GTPBP4	HARS2	HBS1L	HDAC2	HDAC3	HDLBP	HEIH	HMGA1	HMGA2	HMGB3	HMGN1	HMGN3	HMHA1	HN1L	HNRNPA2B1	HNRNPA3	HNRNPAB	HNRNPC	HNRNPD	HNRNPH1	HNRNPR	HNRNPU	HOXA-AS2	HOXA9	HSPA4	HSPD1	HSPE1	HUWE1	IAH1	ICT1	ID2	ID2-AS1	IGF2	IGF2BP3	IK	ILF2	IMP4	INO80E	INPP5F	IPO4	IPO9	ISOC2	ISYNA1	ITFG2	IVNS1ABP	JUP	KDM1A	KDM5B	KIAA0020	KIAA0586	KIAA0907	KIF22	KLHL7	KPNA2	KRI1	LARP1	LARS	LBR	LIMD2	LINC01296	LINC01420	LMNB2	LRCH4	LRP5	LRRC59	LSM5	LSM8	LTV1	LYAR	LYPLA2	LZTS2	MAD1L1	MAGEA9B	MAGED2	MAGI2-AS3	MALSU1	MBIP	MBP	MCM3	MCM6	MCTS1	MDC1	MEG3	MEIS1	MEIS2	METTL17	METTL5	MFAP2	MFF	MIA3	MIR503HG	MITD1	MNAT1	MORF4L2	MPHOSPH6	MPV17	MRPL11	MRPL15	MRPL2	MRPL22	MRPL3	MRPL30	MRPL32	MRPL45	MRPL52	MRPL9	MRPS5	MRPS9	MSH5	MSTO1	MT-CO2	MTA3	MTERF4	MTX2	MX2	MXRA8	MYADM	MYO19	NAA10	NANS	NASP	NCAPD2	NCL	NCOR1	NDUFS6	NDUFV2	NECAP1	NEDD8	NELFE	NFATC4	NGDN	NIF3L1	NIFK	NKIRAS2	NME1	NOB1	NOC2L	NOL10	NOL11	NOL7	NOL8	NONO	NOP16	NOP56	NOP58	NRBP1	NSRP1	NT5C3B	NTS	NUB1	NUCKS1	NUDT1	NUDT21	NUP93	NUTF2	OARD1	ODC1	ODF2	OSGEP	OXA1L	P3H1	P3H3	PAAF1	PABPN1	PAICS	PAK1IP1	PAPOLA	PARP1	PARP2	PBDC1	PBX2	PCDH18	PCOLCE	PDCD2	PDCL3	PDGFRB	PDHA1	PDIA6	PFDN6	PIGC	PIP5K1A	PKDCC	PLAGL1	PLP1	PNN	POLB	POLR1C	POLR2D	POLR3D	PPAN	PPIA	PPID	PPIG	PPIH	PPIL1	PPM1G	PPP1R12C	PPP6R1	PPP6R3	PRAME	PREB	PRELID1	PREP	PRMT5	PRPF3	PRPF31	PRPF40A	PRPSAP2	PRR11	PRRC2C	PSMA2	PSMA3	PSMA3-AS1	PSMA6	PSMB3	PSMB4	PSMB5	PSMC1	PSMC2	PSMC6	PSMD11	PSMD12	PSMD3	PSMD4	PSMD7	PSMG1	PSMG3	PTBP1	PTH1R	PTMA	PTPN2	PXDN	QPRT	RAD51C	RALA	RARS	RARS2	RBM28	RBM34	RBM39	RBM8A	RDH14	RECQL5	REEP4	RFC1	RHNO1	RNASEH1	RNF212	RNF25	RNF31	RNF44	RP11-14P20.1	RP11-423H2.1	RP11-632C17__A.1	RP11-70C1.3	RP4-669L17.10	RP4-765C7.2	RP9	RPF2	RPL26L1	RPL36A	RPL39P3	RPL7L1	RPP21	RPS6KB2	RPS7	RPUSD3	RRP36	RRP9	RSL1D1	S100B	SAMD11	SAP25	SCFD1	SCNM1	SDC1	SEC13	SEC23A	SEMA3A	SEMA4C	SEPT6	SEPT7	SERBP1	SERPINA3	SETDB1	SF3A3	SF3B3	SF3B4	SF3B5	SF3B6	SFPQ	SFXN1	SKA2	SLC11A1	SLC2A3	SLC4A1AP	SLC50A1	SLC5A6	SLIT2	SMARCD2	SMARCE1	SMEK1	SMPD4	SNCG	SNHG15	SNHG16	SNRPA1	SNRPC	SNRPD1	SNRPD3	SNRPF	SNW1	SNX8	SPAG5	SPDL1	SPP1	SRP54	SRP68	SRSF11	SS18	SSB	SSBP1	SSU72	STARD3	STARD3NL	STK19	STOML2	STRA6	STX4	SUPT16H	SUPT6H	SUPT7L	SYNCRIP	TAF11	TAF15	TARS2	TBRG4	TCOF1	TCP1	TES	TF	TFPT	THOC2	THOC3	TIMM17A	TIMM17B	TIMM44	TIMM9	TM2D2	TMEM11	TMEM18	TMEM214	TMEM237	TMEM261	TOMM40	TOMM6	TOP3A	TOX4	TRA2A	TRAPPC2B	TRIM28	TRIM52-AS1	TRIP12	TRIP13	TRMU	TUBB	TWIST1	TXNDC5	TXNDC9	U2AF2	UBAP2L	UBE2M	UBE2S	UCHL5	UCK2	UGDH	UPF3B	UTP11L	UTP18	UTP6	VARS	VPS41	VPS45	VPS72	WDR12	WDR26	WDR43	WDR46	WDR74	WDR75	WRNIP1	WT1	XPO5	XRCC6	YAE1D1	YIPF2	YKT6	YY1	ZBTB8OS	ZC3H18	ZMAT2	ZMIZ2	ZNF274	ZNF362	ZNF444	ZNF544	ZNF580	ZNF581	ZNF787	ZNF814	ZNRD1	ZPR1	ZSWIM7	ZWINT
TH34_1447_S02-v9-lowstringency_pd_outliers	ABCF1	ABCF2	AC074289.1	ACP1	ADAM8	ADCY4	ADGRG3	AKIRIN2	AL662801.1	ALDH1A2	ALOX5AP	AP1G2	ATG16L2	ATG2A	AVL9	BCL2A1	BOLA2	BPHL	BRD9	BRMS1	BTN2A1	C11orf98	C15orf48	C1orf35	CBWD1	CBWD7	CCDC86	CDC37	CDK11A	CDK11B	CHD8	CHMP2A	CIAPIN1	CNOT11	CNOT3	COMMD9	COX5B	CPSF3	CSF3R	CSNK1D	CWC25	CXCL8	CYCS	DDIT3	DDX41	DENND3	DHX16	DHX34	DKC1	DMAP1	DRG2	DUS1L	EEF1E1	EIF2B2	EIF3B	EIF5B	ELFN1-AS1	ERAL1	ERVK3-1	EXOSC3	FAM136A	FAM192A	FBRS	FCGR3B	FGR	FIP1L1	FKBP4	FLAD1	FLOT1	FTSJ2	GALE	GET4	GGCT	GNPDA1	GPATCH4	GTF2H4	HARS2	HBA1	HBA2	HCAR2	HCAR3	HDAC3	HMGN3	HMOX1	HOXA-AS2	HOXA3	HOXA4	HSPA6	HSPBP1	ID2	ID2-AS1	IL11	ILF2	IMP4	INPP5F	IPO4	ITGAX	IVNS1ABP	KLHL7	KRI1	LCP2	LILRB3	LINC01272	LPCAT1	LRCH4	LRWD1	LTV1	LYPLA2	MAGEA9B	MALSU1	MAP4K2	MAPK1IP1L	METTL22	MIA3	MIR671	MRPL2	MRPL32	MRPL38	MRPS9	MT-CO2	MXD1	MYO1F	NADK	NBEAL2	NCF2	NDUFA3	NECAP1	NEDD8	NELFE	NGDN	NOL10	NOL7	NRBP1	PABPN1	PBDC1	PFDN6	PHACTR1	PHKG2	PPIF	PPM1G	PPP1R12C	PPP4C	PPP6R1	PRMT5	PRPF31	PSMB5	PSMC1	PSMD11	PSMD12	PSMD4	PSMD7	RABGGTA	RARS	RARS2	RBM28	RBM8A	RNASEH1	RNF166	RNF25	RNF31	RNF40	RP11-14P20.1	RP11-323N12.5	RP11-343H5.4	RP11-423H2.1	RP11-632C17__A.1	RP11-70C1.3	RP4-765C7.2	RP9	RPF2	RPS6KB2	RRP36	RRP9	S100P	SAP25	SCNM1	SEC14L1	SF3A3	SF3B6	SFXN1	SKIV2L	SLC11A1	SLC25A37	SLX1B	SNCG	SNRPC	SNRPD1	SRP54	SS18	SSBP1	STARD3	STK19	STOML2	STX4	SUPT6H	TARS2	TBRG4	TCOF1	TFPT	THOC3	TIMM9	TMEM18	TOMM6	TPI1	TRAPPC2B	TREM1	TRIM11	TRIM28	TTC1	TXNDC9	U2AF2	UBE2M	UBE2S	UPF3B	VPS72	WDR74	YKT6	ZC3H18	ZDHHC11	ZFAND2A	ZMAT2	ZMIZ2	ZNF274	ZNF544	ZNF579	ZNF580	ZNF787	ZNF814	ZPR1
TH34_1452_S01-v9-lowstringency_pd_outliers	ABTB1	AC008623.1	AC009065.4	ACAD11	ACIN1	ACSF3	ADAM33	ADAMTS2	ADAMTSL2	ADAMTSL4	ADAP1	ADAR	ADGRB1	ADGRG2	ADGRL2	AFG3L1P	AGA	AIF1L	AKT1	AL603831.1	AL662801.1	AMOTL2	AMZ2	ANGPTL6	ANK2	ANKRD11	ANKRD13B	ANKRD65	ANKZF1	AP003041.1	ARHGAP4	ARL16	ARL8A	ASNSD1	ASPSCR1	ASXL1	ATF6B	ATN1	ATP11A	ATXN2	ATXN2L	AXIN2	B9D1	BAIAP2	BAZ2A	BBS1	BCL9L	BCLAF1	BECN1	BEGAIN	BIRC2	BIRC6	BMPER	BOP1	BPTF	BRD2	BRF1	BRINP2	BSCL2	C11orf57	C11orf84	C11orf95	C17orf85	C1orf194	C2orf72	C5orf49	C7orf55-LUC7L2	C9orf117	CACNA1H	CACNA1I	CACNA2D2	CACNB1	CAMSAP3	CARS2	CASC3	CASKIN2	CASZ1	CBWD3	CBX1	CBX2	CBX4	CBX8	CCDC114	CCDC12	CCDC13	CCDC159	CCDC24	CCDC37	CCDC40	CCDC57	CCDC74A	CCDC74B	CCDC84	CCNK	CDC27	CDC37	CDCA7	CDH22	CDK5R1	CDKAL1	CELSR1	CELSR3	CERK	CES2	CFAP126	CFAP20	CFAP43	CFAP44	CHD2	CHD5	CHKB	CHRNA4	CIR1	CIZ1	CLK2	CLK3	CMIP	CNIH2	CNOT1	CNOT2	CNOT7	CNRIP1	COL18A1	COL6A1	COMP	CORO1B	CPSF3L	CPSF7	CRABP2	CREBBP	CROCC	CRTC1	CRTC2	CSNK1G2	CSPG5	CTD-2537I9.12	CTD-2545G14.4	CTD-2587H19.2	CTNND1	CYB5R3	CYP27C1	DAZAP1	DCAF11	DCAF5	DCAF8	DDRGK1	DDX5	DENND6B	DGAT1	DGCR8	DHX38	DIO2	DKC1	DLX1	DMPK	DMTF1	DMWD	DNAJB6	DNALI1	DNM1L	DOC2B	DPP9	DROSHA	DTX4	DVL3	DYRK1A	DYRK1B	DZIP1	ECE1	ECEL1	EDF1	EFCAB1	EFCAB2	EHMT1	EIF2B5	EIF4G1	ELL3	ELN	EMC6	EPHB2	EPHB4	ERBB2	ERBB2IP	EWSR1	EXOC7	EZR	FABP5P7	FAM118A	FAM131A	FAM133B	FAM189A1	FAM193A	FAM193B	FAM21A	FAM53B	FBP2	FBRS	FBRSL1	FBXO31	FBXW7	FGFBP3	FGFR3	FGFRL1	FKBP2	FMNL3	FN3K	FNBP4	FOXG1	FOXJ1	FPGS	FRZB	FUBP3	GALNT9	GAREML	GART	GAS8	GIT1	GLCCI1	GNG3	GOLGA2	GON4L	GP1BB	GPATCH8	GPC1	GPC4	GPR153	GPS2	GPSM1	GRAMD4	GRB10	GSE1	GTF2H4	GUCY1B2	HAUS7	HDAC4	HDGF	HDHD2	HES3	HES4	HIPK1	HMGN3	HNRNPA2B1	HNRNPDL	HNRNPH3	HNRNPUL1	HP1BP3	HSF1	HUWE1	HYDIN	ICA1L	IDH3G	IDUA	IFT140	IFT80	IGF2	ILF3	IMPDH1	INHBB	INPP5A	INTS1	INTS3	IPO9	IQCE	IQCG	IQSEC1	ITFG2	JAG1	JPH4	KCNG1	KCNK3	KDM2A	KIAA0430	KIAA0907	KIF26B	KMT2D	KNDC1	KRI1	KRR1	L1CAM	LAMA5	LARP7	LDB2	LEMD2	LENG8	LHX2	LIMK1	LINC01002	LINC01278	LMO1	LMX1B	LPCAT1	LRRC23	LRRC37B	LRRC45	LRRC48	LTBP3	LUC7L3	MAEA	MALAT1	MAMDC4	MAMLD1	MAP2K3	MAPK15	MAPK1IP1L	MAPK3	MAPK8IP1	MARCH7	MAU2	MBD6	MCMBP	MDC1	MDM2	MED25	MEG3	MEGF6	METRNL	METTL17	MFGE8	MGRN1	MIA3	MICALL2	MKNK2	MLLT1	MOK	MORF4L1	MOV10	MRPS25	MRPS5	MSH5	MSI1	MTA1	MTA2	MTA3	MTERF4	MTMR4	MTSS1	MTSS1L	MUC1	MXRA8	MYO15B	MYO19	MYO3A	MYO7A	MZF1	NAA40	NCOR1	NDEL1	NEK11	NEMF	NFATC4	NFE2L1	NFIX	NISCH	NMT1	NOL4L	NOLC1	NONO	NOTCH1	NOTUM	NPAS2	NPIPA5	NPIPB3	NPIPB4	NPIPB5	NPIPP1	NPTXR	NR2C1	NRARP	NSRP1	NTN1	NUP214	NYAP1	OARD1	OBSL1	ODF2	OSBPL2	OSGEP	P2RX5	PABPN1	PACSIN3	PAGR1	PALM	PAX6	PAXBP1	PBX2	PC	PCBP1-AS1	PCGF5	PCP4L1	PCYT1B	PDCD4	PDK2	PDS5B	PER1	PFKL	PHACTR1	PHC1	PHF23	PI4KAP2	PIAS3	PIGG	PIP5K1A	PITPNA	PKD1	PKD2	PKDCC	PLA2G6	PLCH2	PLD2	PLEKHG5	PLXNA3	PLXNB2	PMEPA1	PNMA3	PNN	PNRC2	POGZ	POLR2J3	POM121C	PP7080	PPAN	PPIL6	PPP1R10	PPP1R16A	PPP1R2	PPP3CB	PPP4R1	PRAF2	PRDX5	PRKAA1	PRKACA	PRKAR1A	PRR14	PRRT2	PRSS35	PSMA3-AS1	PSMC6	PTBP2	PTP4A3	PTPRS	PYCR1	QRICH1	R3HDM2	RAB5C	RAB7A	RABL2A	RABL2B	RANBP1	RAP1GAP	RBBP6	RBM12	RBM17	RBM23	RBM25	RBM26	RBM33	RBM5	RBM6	RCOR2	RCOR3	RELA	RERE	REXO1	RFX2	RGL2	RIMKLB	RMST	RNF103	RNF212	RNF31	RNPC3	ROBO4	ROGDI	RP11-1212A22.4	RP11-1246C19.1	RP11-138I1.4	RP11-158M2.3	RP11-223I10.1	RP11-231C14.4	RP11-242D8.3	RP11-274B21.2	RP11-274B21.4	RP11-311C24.1	RP11-386G11.10	RP11-575L7.8	RP11-611O2.3	RP11-616M22.12	RP11-618K13.2	RP11-70C1.3	RP11-849I19.1	RP13-766D20.4	RP13-870H17.3	RP3-525N10.2	RP4-613B23.5	RP4-669L17.10	RP5-857K21.6	RPGR	RSPH1	RSRC2	RUNDC3A	RXRA	RYK	SAFB	SART3	SCAF11	SCMH1	SCRN1	SEL1L3	SENP2	SENP6	SF1	SF3A1	SFSWAP	SH3BP2	SHC1	SKI	SLC12A7	SLC25A29	SLC35C2	SLC9A3R1	SLIT1	SLITRK2	SLTM	SMEK1	SMG7	SMPD4	SNAP29	SNORA22	SNRNP70	SNRPD3	SORBS2	SOS1	SP2	SPA17	SPECC1L	SPG11	SPG20	SRCAP	SRP14	SRPK3	SRRM1	SRRM2	SRRT	SRSF11	SRSF5	SS18	SSBP3	ST8SIA2	STAG3L5P	STAT2	STIM2	STK38L	STRA13	STRADA	SUMO1	SUPT20H	SUPT5H	SUPT7L	SYNGAP1	TAF15	TBX1	TCF25	TCF7L2	TESK1	TFDP2	TGIF2	TINF2	TLE3	TLX1	TMEM131	TMEM231	TMEM256-PLSCR3	TMEM67	TMSB4XP6	TMTC2	TNFRSF25	TNK2	TNPO2	TNRC18	TNRC6A	TNS1	TOB1	TP53BP2	TP73	TPBG	TPPP3	TPSG1	TRA2A	TRAF7	TRIM33	TRIP10	TRMT2A	TRO	TSC2	TSNARE1	TSPAN33	TTC17	TTLL10	TTLL3	TUBA1A	U2AF1L4	UBA3	UBAP2L	UBP1	UBR5	UBXN11	UCKL1	UNC119	UPF1	USP40	USP5	VAV2	VEZT	VPS52	VPS9D1	VWA3A	WDR60	WDR90	WIPF2	WNT7B	WSB1	XAB2	XPNPEP1	XPO1	XXbac-BPG252P9.9	Y_RNA	ZC3H18	ZCCHC11	ZDHHC11	ZDHHC8	ZFYVE21	ZMIZ1	ZMIZ2	ZMYND10	ZNF185	ZNF385C	ZNF423	ZNF521	ZNF532	ZNF589	ZNF644	ZSWIM8
TH34_1455_S01-v9-lowstringency_pd_outliers	AASDHPPT	ABCA5	ABR	AC027612.6	AC055736.1	AC132217.4	AC159540.1	ACAD11	ACADVL	ACIN1	ADAM15	ADAMTS2	ADAMTSL4	ADCK4	ADGB	ADIPOR1	AGBL2	AHCTF1	AHDC1	AK1	AK7	AKAP14	AKAP9	AKIRIN1	AKNA	AKR7A2	AL662801.1	ALDH3A1	ALDH3A2	ALDH9A1	AMIGO2	AMT	AMZ2	ANAPC13	ANAPC7	ANKMY1	ANKRD13D	ANKRD29	ANKRD42	ANKRD45	ANKRD54	ANKRD66	ANKZF1	ANXA11	ANXA4	AP003041.1	ARFIP2	ARHGAP18	ARHGAP5	ARIH1	ARL1	ARL2BP	ARMC2	ARMC3	ARMC4	ASXL1	ATF6B	ATP2C1	ATP6V1D	ATPIF1	ATXN2	ATXN7L3B	AUTS2	AZI2	B9D1	BAALC-AS1	BBS1	BBS4	BBS5	BCLAF1	BCO2	BDH2	BECN1	BIN3	BNIP3L	BOC	BOP1	C10orf105	C10orf107	C11orf58	C11orf70	C11orf74	C11orf88	C11orf97	C14orf142	C14orf159	C14orf79	C15orf26	C16orf71	C16orf93	C1QBP	C1orf158	C1orf194	C1orf228	C20orf96	C21orf59	C2orf81	C4orf22	C4orf47	C5orf45	C5orf49	C6	C6orf118	C6orf165	C7orf57	C8orf34	C8orf76	C9orf116	C9orf117	C9orf135	C9orf171	C9orf24	C9orf72	C9orf9	CA4	CAB39L	CADM1	CALCOCO1	CALM1	CAPN10	CAPN2	CAPRIN1	CAPS	CAPS2	CAPSL	CASC1	CAST	CAT	CATIP	CBY1	CC2D2A	CCDC103	CCDC108	CCDC113	CCDC114	CCDC13	CCDC146	CCDC153	CCDC162P	CCDC170	CCDC176	CCDC180	CCDC181	CCDC24	CCDC30	CCDC33	CCDC34	CCDC37	CCDC39	CCDC40	CCDC42B	CCDC53	CCDC57	CCDC65	CCDC74A	CCDC74B	CCDC78	CCDC81	CCDC82	CCDC89	CCDC93	CCND1	CCNL1	CCPG1	CD163	CD164	CD46	CD84	CDK9	CEBPG	CEP126	CEP41	CEP83	CEP95	CETN2	CETN3	CFAP126	CFAP221	CFAP36	CFAP43	CFAP44	CFAP45	CFAP46	CFAP47	CFAP52	CFAP53	CFAP57	CFAP61	CFAP69	CFAP70	CFAP74	CFAP99	CH17-13I23.3	CH17-232I21.1	CHD1L	CHORDC1	CHURC1	CIPC	CIR1	CIT	CLEC3B	CLHC1	CLK2	CLN5	CLUAP1	CMSS1	CNDP2	CNOT1	COL16A1	COL18A1	COL21A1	COL4A5	COL5A3	COLEC12	COLQ	COPA	COPB1	COPRS	COQ4	COX11	CPNE2	CRB2	CRIP1	CROCC	CROCC2	CRYZL1	CSPG4	CSPP1	CSTB	CSTF3	CTC-260F20.3	CUL3	CUL4A	CXCL12	CYB561	CYB561A3	CYB5D1	CYB5R1	CYSTM1	DAAM1	DALRD3	DAW1	DCAF8	DDB1	DDB2	DDX17	DDX42	DDX5	DEDD	DENND6B	DERL2	DFNA5	DHX40	DLEC1	DLGAP1-AS1	DMKN	DNAAF1	DNAAF3	DNAH1	DNAH11	DNAH12	DNAH2	DNAH3	DNAH7	DNAH9	DNAI1	DNAI2	DNAJA1	DNAJB13	DNAJB4	DNAJC10	DNAL1	DNAL4	DNALI1	DOC2A	DPCD	DPY30	DRC1	DRC7	DTHD1	DUSP14	DUSP3	DYDC2	DYNC2H1	DYNC2LI1	DYNLL1	DYNLRB2	DYX1C1	DZIP1	DZIP1L	DZIP3	ECHDC2	ECM2	EFCAB1	EFCAB10	EFCAB12	EFCAB2	EFHC1	EFHC2	EHBP1L1	EIF2D	EIF4E	EIF4G3	ELAVL1	ELN	EMD	ENKD1	ENKUR	ENOSF1	ENPP5	ENSA	ENTPD2	EPHX2	ERBB2	ERF	ERGIC3	ERI3	ERICH3	ERLIN2	ESYT1	ETF1	EWSR1	EXD3	EXOC5	F11R	FAM118A	FAM131A	FAM160B2	FAM166B	FAM174A	FAM179A	FAM183A	FAM187A	FAM216B	FAM219B	FAM229B	FAM53C	FAM81B	FAM92A1	FAM92B	FAM98A	FANK1	FAR2P1	FASTKD3	FBF1	FBLN1	FBRS	FBXO15	FCF1	FGFR1	FGFR3	FHAD1	FHL1	FHOD3	FLCN	FLNB	FLNC	FOLR1	FOSB	FOXJ1	FRMD3	FRMPD2	FRZB	FSTL1	FXR1	GABRG1	GALC	GALNS	GALNT16	GAS8	GDPD2	GEM	GEMIN8	GGPS1	GLB1L	GLB1L2	GLT8D1	GLYR1	GMPR	GMPR2	GNPAT	GNS	GOLGA2	GOLGA2P5	GOLGA8B	GOLPH3L	GON4L	GPBP1	GRAMD4	GRSF1	GSTM2	HADH	HAGHL	HDAC3	HDGF	HDLBP	HIPK1	HLA-E	HMGN2P15	HMGN3	HMGXB3	HMOX1	HNRNPF	HNRNPH2	HR	HSBP1	HSD17B4	HSF1	HSP90AA1	HSPA1A	HSPA4	HSPBP1	HSPH1	HYDIN	IARS2	ICA1L	IFT122	IFT140	IFT172	IFT20	IFT22	IFT27	IFT43	IFT46	IFT57	IFT74	IFT80	IFT81	IFT88	IGF2	IGF2-AS	IGHA1	IGHG1	IGKC	IGSF1	IK	IKBKB	IL13RA2	IMPA1	INTS3	IP6K3	IQCA1	IQCD	IQCG	IQCK	IRF2BP2	ISCU	ISYNA1	ITIH5	ITPKB	IWS1	JKAMP	KATNB1	KCNG1	KCNH3	KCTD17	KIAA0556	KIAA1407	KIAA2013	KIF19	KIF9	KIFAP3	KLF10	KLHDC8A	KLHDC9	KNDC1	KRT5	LAMA3	LAPTM4A	LARP7	LCA5L	LCAT	LEF1	LGR6	LIMK2	LINC00094	LINC01002	LINC01088	LLNLF-187D8.1	LMNTD1	LONP2	LRRC17	LRRC23	LRRC43	LRRC46	LRRC48	LRRC6	LRRC71	LRRC74B	LRRFIP2	LRRIQ1	LRRN2	LRTOMT	LSP1	LTBP1	LYPLA2	LYPLAL1	LYRM1	LZTFL1	MAATS1	MALAT1	MAP3K12	MAP3K19	MAP6	MAPK10	MAPK15	MAPRE3	MATN2	MDH1B	MDM1	MDM2	MEAF6	MED25	MFAP4	MGAT5	MIA3	MICALL2	MICU2	MINA	MIR34C	MKS1	MLF1	MLLT1	MLLT4	MNAT1	MNS1	MOK	MORN1	MORN2	MORN3	MORN5	MOSPD1	MPC2	MPZL1	MRPL38	MRPS14	MRPS25	MRPS33	MSI2	MSTO1	MTMR11	MTRR	MYCBP	MYCBPAP	MYEF2	MZF1	NCBP1	NCSTN	NEAT1	NEIL1	NEK11	NEK4	NEK5	NISCH	NIT1	NME5	NME7	NME9	NPHP1	NPR2	NQO1	NR4A1	NR4A3	NRAV	NRBP1	NRG2	NSMF	NT5DC1	NUCB2	NUCKS1	NUDC	NUDT5	NXN	OBSL1	ODF2	ODF2L	ODF3B	OSCP1	OSGEP	P3H2	P4HTM	PACRG	PAIP2	PARD3	PASK	PBX2	PCM1	PCNXL4	PCYT1A	PDCD4	PDDC1	PDIA4	PDLIM1	PDXK	PEX19	PFKFB2	PHACTR1	PHC1	PHYKPL	PI4KB	PIAS1	PIAS3	PIFO	PIH1D2	PIH1D3	PILRB	PIP5K1A	PITPNA	PITPNM1	PLA2G4A	PLA2G6	PLCD1	PLD2	PLEKHA5	PLEKHG5	PLTP	PLXNB2	PNISR	PNKP	PNMA2	PODN	POFUT2	POGZ	POLR2L	POMT2	PPAP2A	PPID	PPIL4	PPIL6	PPM1J	PPOX	PPP1R12B	PPP1R15A	PPP1R16A	PPP1R32	PPP1R42	PPP1R7	PPP5C	PQLC1	PRDX5	PRKAR1A	PRKRA	PRMT5	PRNP	PRPF4B	PRPS1	PRR29	PSENEN	PSMA3-AS1	PSMD9	PSPH	PTBP1	PTCD3	PTK2B	PTPRM	PYCR2	RAB36	RAB4A	RABL2A	RABL2B	RAMP2	RAMP2-AS1	RBM24	RBM25	RBM38	RBM5	RERG	RFX2	RFX5	RGL2	RHOU	RIBC1	RIBC2	RIIAD1	RIMKLB	RMST	RMST_10	RNF220	RNF43	RNPEP	RNU5B-3P	ROPN1L	RP11-1212A22.1	RP11-1212A22.4	RP11-14N7.2	RP11-259K15.2	RP11-263K19.4	RP11-356K23.1	RP11-424M24.5	RP11-445L6.3	RP11-503N18.1	RP11-545G3.1	RP11-620J15.3	RP11-863K10.4	RP4-669L17.10	RP4-717I23.3	RPGR	RPL32P3	RPS6KA2	RRNAD1	RSPH1	RSPH10B	RSPH10B2	RSPH4A	RUFY1	RUVBL1	RUVBL2	SAP30	SARAF	SAXO2	SCAMP4	SCCPDH	SCPEP1	SCX	SDC1	SDCCAG8	SDHC	SENP2	SENP6	SF1	SFSWAP	SH3BGR	SIN3B	SIRT3	SKA2	SLC12A4	SLC16A1	SLC16A4	SLC25A17	SLC25A37	SLC27A3	SLC38A3	SLC39A12	SLC40A1	SLC41A1	SLC46A1	SLC47A2	SLFN13	SLTM	SMARCA1	SMEK1	SMEK2	SMG7	SMYD2	SNAPIN	SNCAIP	SNHG14	SNRPGP10	SNTN	SNW1	SNX14	SOCS2	SON	SORBS2	SPA17	SPAG1	SPAG16	SPAG17	SPAG6	SPAG8	SPATA17	SPATA18	SPATA33	SPEF1	SPEF2	SPG20	SPIN1	SPINT2	SQLE	SRCIN1	SREK1	SRGN	SRP14	SRP19	SRP9	SRRT	SRSF5	SRSF6	SRXN1	SS18	SSB	SSBP3	SSBP4	ST3GAL6	STAG3L5P	STAT2	STIM1	STK11IP	STK33	STK36	STK38L	STOML3	STPG1	STRADA	STRBP	STX16	SUN1	SUPT5H	SUPT7L	SVOPL	SWI5	SYNC	SYNE1	SYNE2	SYNGAP1	SYTL3	TARBP1	TCF15	TCF7	TCTEX1D1	TCTEX1D2	TCTN1	TCTN2	TEKT1	TEKT2	TEKT4	TELO2	TEX26	TEX9	TGIF1	THBS3	TKFC	TM9SF1	TM9SF2	TMCO1	TMEM106C	TMEM107	TMEM110	TMEM123	TMEM138	TMEM150C	TMEM218	TMEM231	TMEM232	TMEM234	TMEM237	TMEM248	TMEM254	TMEM50B	TMEM67	TNFRSF10B	TNFRSF25	TNRC6C	TOB1	TP53BP1	TP73	TPM3	TPPP3	TPRG1L	TRA2A	TRAF3IP1	TRDN	TRIM22	TRIM41	TSGA10	TSNAX	TSNAXIP1	TSPAN6	TTC17	TTC21A	TTC25	TTC26	TTC29	TTC8	TTLL3	TTLL4	TTLL7	TTLL9	TUBA1A	TUBB4B	TUSC3	TVP23B	U2SURP	UBAC2	UBAP2L	UBE2D3	UBL3	UBR5	UBXN10	UBXN11	UFC1	UNC119B	USF1	USP2	USP21	USP8	UXS1	VANGL2	VPS39	VWA3A	VWA3B	WDR19	WDR26	WDR27	WDR38	WDR49	WDR54	WDR60	WDR61	WDR63	WDR66	WDR73	WDR78	WDR90	WDR92	WFS1	WNK2	WRAP53	WRB	XPO1	XPR1	XRN2	XXbac-BPG308J9.3	YAP1	YIF1B	YJEFN3	YPEL5	ZBBX	ZC2HC1C	ZC3H11A	ZC3H14	ZDHHC1	ZDHHC14	ZDHHC17	ZFR	ZMYND10	ZMYND12	ZNF273	ZNF3	ZNF326	ZNF423	ZNF473	ZNF664	ZRANB2	ZSCAN18
TH34_1456_S02-v9-lowstringency_pd_outliers	A2M	ABCA8	ABI3BP	ABLIM1	ABR	AC002398.12	AC005154.6	AC008623.1	ACADVL	ACE	ACKR1	ACSS2	ACVRL1	ADAMTS7P3	ADCY4	ADD1	ADGRL2	ADH1B	ADIRF-AS1	AGAP3	AGER	AKAP1	AKAP2	AKAP8L	AKT2	AL603831.1	ALDH1A1	ALOX5	ALS2CL	ANKRD1	ANKRD11	ANKRD29	ANKZF1	ANXA3	ANXA8	ANXA8L1	AP003041.1	AP3S1	APOL3	APP	APPL1	AQP4	ARAP1	ARAP3	ARGLU1	ARHGAP17	ARHGAP21	ARHGAP35	ARHGAP44	ARHGEF1	ARHGEF10	ARHGEF15	ARHGEF2	ARL8A	ARRB1	ARRDC1	ASAP1	ASAP2	ASNSD1	ATF7	ATHL1	ATN1	ATP13A4	ATP5SL	ATP6V0A1	ATXN2	ATXN2L	BANF1	BAZ2A	BBS2	BCAM	BCAR1	BCL2L2	BCL6B	BCL7B	BCL9L	BECN1	BMI1	BPTF	BRD2	BRD7	BTN2A1	BTN3A1	BTNL9	BUD31	C14orf166	C15orf52	C16orf89	C19orf33	C19orf66	C1D	C1orf116	C4BPA	C7	C7orf55-LUC7L2	C8orf4	CA4	CAB39	CABIN1	CACNA2D2	CADM1	CALCOCO1	CALCRL	CAMK2N1	CAMTA2	CAPN2	CAPNS1	CARD8	CASC3	CAT	CAV1	CAV2	CBWD3	CC2D1B	CCDC12	CCDC57	CCDC69	CCDC84	CCDC92	CCL19	CCNK	CCRL2	CD52	CD55	CDC42BPG	CDH1	CDH5	CDK11B	CEACAM6	CENPT	CES1	CFAP20	CFD	CFL2	CFLAR	CGN	CGNL1	CH17-219N22.1	CHD2	CHD8	CHKA	CHMP3	CHMP4A	CHRDL1	CIR1	CITED2	CIZ1	CLDN18	CLDN7	CLEC14A	CLEC2B	CLEC3B	CLIC5	CLK3	CNOT2	CNOT3	COL13A1	CPM	CPNE2	CPSF7	CRACR2B	CRTC2	CRTC3	CRYAB	CSF3R	CTD-2562J17.6	CTNNA1	CXCL16	CXCL17	CXCL2	CYFIP1	CYP2B7P	CYP4B1	CYTH1	DAB2IP	DAG1	DAZAP1	DBN1	DCAF8	DCTN2	DCTN6	DDR1	DDX5	DENND3	DES	DGKA	DHX16	DHX38	DLC1	DMKN	DMPK	DMTN	DNAJB6	DNAJC1	DROSHA	DUOX1	DUSP6	DVL3	DYNC2LI1	ECHDC2	ECSCR	EDN1	EDNRB	EFNB2	EGR1	EHBP1	EID1	EIF2B1	EIF2B5	EIF4ENIF1	EIF4G2	ELF3	EMC7	EMCN	EML1	EMP2	EOGT	EPAS1	EPB41L2	EPB41L3	EPB41L5	EPN2	EPS8L2	ERBB2IP	ERBB3	ERCC5	ERG	ESAM	EWSR1	EZH1	F11R	FABP4	FADS3	FAM107B	FAM111A	FAM133B	FAM189A2	FAM192A	FAM193B	FAM21C	FAM65A	FAXDC2	FBLN5	FBRS	FBXW4	FCN3	FENDRR	FERMT2	FGD5	FGF7	FGFR4	FHL1	FIGF	FIP1L1	FKBP2	FLI1	FMO2	FN3K	FNBP1	FNBP4	FOSB	FOXP1	FRG1	FRY	FUBP3	FXR2	FXYD1	FXYD3	FXYD6	G0S2	GABBR1	GABRE	GATA2	GBP3	GBP4	GDI1	GGA2	GGA3	GGNBP2	GGT1	GIMAP4	GIMAP5	GIMAP6	GIMAP7	GIMAP8	GIT1	GJA5	GKN2	GOLGA8B	GPM6A	GPR137	GPRC5A	GPS2	GPX3	GRASP	GRIPAP1	GRK5	GSAP	GSE1	GTPBP1	HBA1	HBEGF	HDAC7	HDHD2	HERC2P9	HERPUD2	HIF3A	HLX	HNRNPA2B1	HNRNPH3	HNRNPM	HNRNPR	HNRNPUL1	HOPX	HOXA4	HPGD	HRCT1	HSD17B4	HSPA9	HSPB6	HYAL1	ICA1	IGHA2	IGKV2-30	IGSF10	IL15RA	IL17RE	IL18	IL1RL1	IL7R	INMT	INPP1	INPP5K	ITFG2	ITGA3	ITGAL	ITGB4	ITGB6	ITLN2	JUN	JUP	KANK2	KDR	KIAA0368	KIAA0430	KIAA1462	KIF1C	KLC1	KLF13	KLF2	KLF5	KLF6	KLF9	KLK11	KMT2E	KRT18	KRT19	KRT7	KRT8	KSR1	KXD1	LAMA2	LAMA3	LAMB2	LAMC2	LAMP3	LCAT	LDB2	LEMD2	LENG8	LEPROTL1	LHFP	LIMS2	LINC01002	LINC01272	LLGL2	LMO2	LMO7	LPCAT4	LRP5	LRRFIP1	LSR	LTA4H	LTBP3	LTBP4	LUC7L3	MACF1	MAGEH1	MAGI2-AS3	MAL2	MAMDC2	MAML1	MAOA	MAP3K3	MAP4	MAPK1IP1L	MAPK3	MAPRE2	MARC2	MARCO	MATR3	MAX	MBD6	MCEMP1	MDC1	MEF2A	MEF2D	MEIS1	MEIS2	MFAP4	MGEA5	MIA3	MINK1	MIR675	MITD1	MKRN1	MLLT6	MLPH	MLXIP	MMP28	MNT	MOB2	MOCS2	MORC3	MORF4L1	MPHOSPH8	MPZL2	MRPL22	MS4A15	MT-ATP8	MT-ND1	MT-ND2	MT-ND5	MT-ND6	MTATP6P1	MTERF4	MTND2P28	MUC1	MUM1	MXD4	MYH11	MYH14	MYL9	MYO15B	MYO1C	MYRF	MYZAP	N4BP1	N4BP2L2	NAA60	NADSYN1	NAP1L4	NAPSA	NASP	NBEAL2	NDEL1	NDFIP1	NDNF	NDRG2	NDRG4	NECAP1	NEDD9	NEO1	NEXN	NFE2L1	NFKBIA	NFKBIZ	NFU1	NIPBL	NISCH	NKX2-1	NMT1	NOSTRIN	NOTCH4	NPIPA5	NPIPB3	NPIPB4	NPNT	NR2C1	NR2F2	NRBP2	NRGN	NSRP1	NTAN1	NTM	NUMB	OLR1	ORMDL1	PABPN1	PAK4	PARP14	PARP6	PBX2	PCAT19	PCBD1	PCF11	PCGF3	PCYT1A	PDK2	PEBP4	PECAM1	PER1	PGC	PHC1	PHF21A	PIGR	PKD1	PLA2G1B	PLA2G6	PLEKHH2	PLLP	PMPCB	PNN	PODXL	POLR2J3	POM121C	PPFIBP1	PPIL3	PPP1R10	PPP1R13B	PPP1R13L	PPP1R14A	PPP1R15A	PPP1R2	PPP1R9B	PRAF2	PRKAR1A	PRKCZ	PRODH	PRR14	PRR4	PRSS8	PSIP1	PSMA3-AS1	PTMS	PTPN12	PTPN18	PXN	R3HDM2	RAB11FIP1	RAB12	RAB14	RAB25	RAB6A	RAB7A	RAB8A	RAB8B	RABGAP1L	RAI2	RALA	RAMP2	RAMP3	RASIP1	RBM12	RBM17	RBM23	RBM5	RBM6	RBMS2	RBP1	RDX	RELA	RERE	REXO1	RFC1	RGCC	RIMKLB	RNF19A	RNF44	RNU6-817P	ROBO3	ROBO4	ROGDI	RP1-261G23.7	RP11-1100L3.8	RP11-1212A22.4	RP11-159D12.5	RP11-196G11.5	RP11-242D8.3	RP11-274B21.2	RP11-27M24.1	RP11-326C3.2	RP11-386G11.10	RP11-386I14.4	RP11-433J22.2	RP11-466H18.1	RP11-478C6.4	RP11-488C13.7	RP11-498C9.3	RP11-693N9.2	RP11-78A19.3	RP11-927P21.5	RP4-613B23.5	RPL36AL	RPS25	RPS6KA2	RSRC2	RTKN2	S100A14	S1PR1	SAR1A	SBDS	SCEL	SCFD1	SCGB1A1	SCGB3A2	SCNN1A	SCNN1B	SDPR	SEL1L3	SELP	SEMA6A	SENP2	SENP3	SEPT7	SERPING1	SETD5	SETD8	SF1	SF3A1	SFSWAP	SFTA1P	SFTA2	SFTA3	SFTPA1	SFTPA2	SFTPB	SFTPC	SFTPD	SH2D3C	SH3BP2	SH3BP5	SH3D19	SH3GLB2	SIPA1L3	SIRT2	SLC25A27	SLC34A2	SLC39A8	SLC44A2	SLC6A4	SLCO2A1	SLIT2	SLTM	SMAD3	SMAD6	SMAD7	SMARCC2	SMN1	SMN2	SMTN	SNAP29	SNORA44	SNRNP70	SNRPGP10	SORBS3	SOS1	SP2	SPG11	SPG20	SPINT2	SPOCK2	SPTAN1	SPTBN1	SRP14	SRRM1	SRRM2	SRSF11	SRSF4	SRSF5	SS18	SSB	SSFA2	ST14	ST7	STIM2	STX3	STXBP1	STXBP2	SUGP1	SUMO1	SUMO3	SUPT20H	SUSD2	SYNE2	SYNPO	TACC2	TACSTD2	TAF10	TAF1C	TAPBPL	TBC1D2B	TBC1D3L	TBX2	TBX3	TBX4	TCEAL4	TCF7L2	TERF2IP	THRA	TIE1	TJP1	TLE2	TMA7	TMC4	TMEM100	TMEM125	TMEM256-PLSCR3	TMEM50B	TMEM63A	TMEM88	TMPRSS2	TNFAIP3	TNFSF10	TNFSF12	TNFSF13	TNNC1	TNS1	TNS2	TNXB	TOB1	TOM1L2	TRA2A	TRIB1	TRIM25	TRIO	TRIP10	TSPAN12	TSPAN13	TSPAN18	TSTD1	TUBA4A	UACA	UBA7	UBAP2L	UBE2Q1	UBP1	UBXN1	UGP2	UIMC1	UNC13D	UPF3A	UPK3B	UQCRB	USP40	USP47	USP54	VAMP2	VIPAS39	VIPR1	VPS29	VSIG2	VTI1B	VWF	WAC	WASH5P	WASH6P	WASH7P	WBP2	WDR13	WDR45	WDR60	WFS1	WIF1	WIPF2	WWC2	XAF1	Y_RNA	ZBTB4	ZC3H7A	ZCCHC11	ZMIZ2	ZMYND11	ZNF219	ZNF331	ZNF358	ZNF384	ZNF580	ZRSR2	ZSWIM8	ZYX
TH34_2292_S01-v10_polya-lowstringency_pd_outliers	AC003688.1	ACSF2	ADAM8	ADARB2	ADGRG3	AL132780.1	ALDOC	ALOX5	ALOX5AP	ANKZF1	AP003041.1	AP1M2	AP2A2	APOBEC3A	APOBR	AQP9	ARAP1	ARG1	ARG2	ARHGAP26	ARRB2	ATG16L2	ATG2A	BCL2A1	BPI	C15orf48	C6orf141	CALB2	CCDC88B	CD177	CD300A	CDA	CES1	CLDN1	CLK3	COL9A1	COLEC11	CP	CPNE5	CRH	CRHBP	CSF3R	CST7	CTD-2012M11.3	CTD-2370N5.3	CXCL1	CXCL8	DARS-AS1	DEFA1	DEFA1B	DEFA3	DENND3	DIO3	DIO3OS	DOCK5	DOK3	ERO1L	ETV4	ETV5	EVI2B	FABP7	FAM193B	FAM210A	FCAR	FCGR3B	FCN1	FER1L4	FGF23	FGGY	FGR	FLT4	GABRE	GRPEL1	HBA1	HBA2	HBB	HBG2	HCAR2	HCAR3	HILPDA	HK2	HMOX1	HPCAL1	HSPA6	ICOSLG	INPP5D	IRX1	ITGAX	IVNS1ABP	KCNAB2	LA16c-361A3.3	LCN2	LEP	LIF	LILRA2	LILRA6	LILRB3	LINC01272	LINC01393	LPCAT1	LRG1	LTF	MAPK13	MCC	MCEMP1	MEG8_2	MIR142	MIR210HG	MIR433	MIR671	MMP25	MTMR4	MYBPC2	MYO1F	NADSYN1	NAMPT	NBEAL2	NCF1	NCF1B	NCF1C	NCF2	NEAT1_2	NPTX1	ORM1	OSBPL11	P2RY11	PADI4	PCNX	PDE8B	PFKFB3	PFKFB4	PGK1	PGLYRP1	PHACTR1	PIM3	PISD	PLAC8	PLIN2	PLIN5	PTK2B	RNU11	RP1-261G23.7	RP11-148L24.1	RP11-20I20.4	RP11-82L18.2	RP11-841O20.2	RP4-555D20.2	RP5-857K21.6	RP6-159A1.4	S100A12	S100A8	S100A9	SCNN1B	SERPINA3	SH3BP2	SH3D21	SHISA3	SIRPB1	SLC11A1	SLC25A37	SLC26A6	SLC2A3	SLC2A5	SLC6A6	SNORA40	SOD1	SPON2	SPRED3	ST20	STK10	STK32B	STXBP5-AS1	TARSL2	TESC	TMEM114	TMEM145	TNFRSF10C	TNFRSF10D	TREM1	UAP1L1	UBALD2	UNC13D	VAT1L	VEGFA	VGF	VNN2
TH34_2293_S01-v10_polya-lowstringency_pd_outliers	ABCA3	ABCA8	AC132217.4	ACIN1	ACSL3	ADAMTS14	ADGRB1	AGER	AGR2	AGT	AHSA2	AL442127.1	AL589743.1	AL603831.1	AL662801.1	ANAPC4	ANAPC5	ANGPTL1	ANGPTL2	ANKRD11	AP3S1	AQP3	AQP5	ARGLU1	ARHGEF10	ARHGEF12	ARHGEF7	ARRDC2	ARSE	ASPN	ATG12	ATP11A	ATP6V1G1	ATP9A	BCAS1	BLOC1S5-TXNDC5	BTNL9	C16orf89	C1QTNF6	C1orf123	C4BPA	C8orf4	CACNA1B	CACNG4	CARD16	CASC4	CBFA2T3	CCAR1	CCDC102B	CCDC14	CCNL2	CD86	CDH13	CEP95	CFAP36	CHFR	CHST1	CLDN10	CLEC11A	CLEC2B	CNBP	CNTN4	COL16A1	COL23A1	COL4A1	COL5A1	CPZ	CREBZF	CSGALNACT2	CSNK1E	CTDP1	CTSE	CUL4A	CXCL17	CXCL2	CYB5A	D4S234E	DBNDD2	DDB2	DENND3	DIDO1	DIO3OS	DLK1	DLL1	DMBT1	DMTF1	DNM1	DOCK6	DPP6	DPYSL4	DUSP22	DUXAP8	DUXAP9	DZIP1	EBF3	ECM2	EEF1E1	ELN	ENTPD1	ENTPD4	ERICH1	FAM111A	FAM150B	FAM156A	FAM159B	FARP1	FBXO11	FIBIN	FLCN	FLJ16779	FLRT2	FMOD	FNBP4	FOLR1	FOXC1	FOXC2	FOXL1	FRMD4A	GAD1	GALNS	GALNT9	GAS7	GOLGA2	GPR137B	GPSM1	H19	HECTD1	HELZ2	HEYL	HNRNPDL	HNRNPH1	HP	HSBP1	ICOSLG	IDI1	IGF2	IGHD	IQCG	ITIH5	ITM2B	JAM3	KCTD10	KCTD15	KLC1	KRT19	KRT7	KSR1	LAMP3	LCAT	LDB2	LEMD2	LHX5-AS1	LINC00969	LINC00982	LINC01089	LIPA	LL22NC03-N14H11.1	LOX	LPCAT1	LRRN3	LUC7L3	MAP1LC3B	MAPK8IP3	MARCH6	MATN2	ME2	MEF2A	MEG3	MFSD2A	MGAT5	MIR675	MKNK1	MLC1	MMP13	MMP23B	MPC1	MUC4	MYOM2	N4BP2L2	NADSYN1	NAPSA	NDUFA4L2	NDUFB1	NEK3	NFATC1	NGEF	NISCH	NKAIN4	NKTR	NKX6-2	NOTUM	NPIPA1	NPIPA5	NPIPA7	NPIPA8	NPIPB3	NPIPB4	NPIPB5	NPIPP1	NPTX1	NR2C1	NT5DC2	NUMB	OMD	ORMDL1	P3H1	PAPSS2	PARP6	PASK	PCGF3	PCNT	PCP4	PCSK6	PDIA2	PDXDC2P	PFKL	PFKP	PGC	PGM2	PHF10	PHF11	PHYKPL	PKD1	PKD1P1	PKD1P6	PKD2	PLAC9	PLCG1	PLCH2	PLEKHG2	PLXNA1	PMP22	PNISR	PNN	POFUT2	PP7080	PPIL3	PPP1R2	PRKCZ	PROCR	PTN	PXYLP1	QPCT	RASA3	RBM5	RBM6	RGL3	RGS12	RHOBTB3	RHOJ	RNASE4	RNF144A	RNF146	RP11-101E13.5	RP11-1212A22.1	RP11-1212A22.4	RP11-20I20.4	RP11-231C14.4	RP11-295P9.3	RP11-488L18.4	RP11-638I2.6	RP11-693N9.2	S1PR3	SCUBE1	SCUBE3	SDCCAG8	SDF4	SDHAP1	SENP6	SFSWAP	SFTA2	SFTA3	SFTPA1	SFTPA2	SFTPB	SFTPC	SFTPD	SH3BP4	SIPA1L2	SIPA1L3	SLC12A4	SLC17A9	SLC1A3	SLC25A29	SLC30A9	SLC34A2	SLC6A13	SLC6A3	SLC9A3	SNCA	SNRPGP10	SNX14	SORCS2	SPARC	SPON2	SRSF11	SS18L1	SSR3	STARD5	STAT1	SUGP2	SUN1	SUPT20H	SYNDIG1	TARBP1	TBC1D2B	TBCD	TBX18	TESC	THOC1	THUMPD3-AS1	TIA1	TIAL1	TJP1	TLE1	TMCO3	TMEM120A	TMEM184B	TMEM263	TMEM52	TMEM63A	TMEM8A	TMSB15A	TNNT3	TP53I13	TRAPPC2L	TRIO	TRO	TSPAN13	TSPAN7	TSPAN9	TSPYL2	TTLL3	TWIST2	UBE2E1	UBE2G2	VAT1L	WDR13	WDR27	WDR41	WFDC1	WSB1	WWP2	XAF1	ZBTB21	ZDHHC3	ZNF207	ZNF266	ZNF83
TH34_2351_S01-v10_polya-lowstringency_pd_outliers	A2ML1	AARSD1	AC055736.1	AC055736.2	AC055736.3	AC055736.4	ACTC1	ADM	AGR2	ANGPTL4	ANXA1	AP4B1	AQP3	ARHGEF10	ASAP1	ATG12	ATP6V1C1	BCL2A1	BNIP3	BNIP3L	BOD1	BPIFA1	BPIFB1	C11orf31	C11orf74	C19orf33	C8orf59	CANX	CCL3	CCNL2	CH17-232I21.1	CHRNA1	CLDN4	CNFN	COL11A2	COL17A1	COL9A1	COL9A3	CP	CRNN	CSTA	CSTB	CXCL1	CXCL17	CXCL2	CXCL8	CYTL1	DCAF13	DDHD2	DLK1	DMTF1	DMWD	DNAJC2	DSCR8	DSG3	DSP	DUSP12	E2F5	ECM1	EGLN3	EHF	EIF3E	EIF3H	ELF3	EMC2	ENPP2	ENTPD4	ENY2	EPS8L1	ERO1L	F3	FADS1	FAM129B	FAM160B2	FAM91A1	FAM98A	FAR2P1	FBN2	FGFBP1	FNBP4	FNDC5	FNTA	FTH1	FXYD3	GABRP	GAS2	GJB2	HAX1	HBA1	HBA2	HBB	HBG2	HDAC3	HIF3A	HILPDA	HK2	HMOX1	HNRNPH1	HOPX	HRSP12	HSPA4	IFI27	IL11RA	IL1B	IL1RN	INTS8	IVL	IVNS1ABP	KANSL1	KDM3A	KHDRBS3	KIAA0907	KRT13	KRT14	KRT15	KRT16	KRT16P6	KRT17	KRT19	KRT4	KRT5	KRT6A	KRT6B	KRT6C	KRT8	KRTCAP2	LAMB3	LAMC2	LAMTOR2	LCN2	LGALS7B	LY6D	LYNX1	LYPD2	LYPD3	MAL	MEOX2	MEST	MKX	MMP1	MMP13	MPC2	MPZL2	MRPL13	MSC	MT1X	MTERF3	MUC1	MYH3	MYL1	MYL4	MYLPF	MYOF	MYOG	NAMPT	NDRG1	NDUFS2	NEAT1_1	NEFM	NNAT	NOP16	NOP56	NPTX2	NSMCE2	OAF	PDE7A	PEG3	PERP	PFDN4	PGK1	PHF20L1	PHF21A	PI3	PLCG1	PLIN2	POLR3D	PPBP	PPIF	PPL	PPP2R2A	PRDX5	PRG4	PTGS2	PTHLH	RAB2A	RARS	RBM28	RGS2	RGS4	RHCG	RMDN1	RNA5SP265	RNF149	RP11-175B9.3	RP11-20O24.4	RP11-343H5.4	RP11-423H2.1	RP11-543P15.1	RP11-761N21.2	RP11-927P21.9	RP4-669L17.10	RP4-765C7.2	RPL12P4	RPL26L1	RPL30	RPL7P9	S100A11	S100A14	S100A2	S100A8	S100A9	S100P	SBSN	SCEL	SCGB1A1	SDHAF2	SERPINB1	SERPINB2	SERPINB3	SERPINB4	SERPINB5	SFN	SFXN1	SIKE1	SIN3B	SLC2A1	SLC39A14	SLC50A1	SLPI	SNRPGP10	SOD2	SPINK5	SPINT2	SPRR1A	SPRR1B	SPRR2A	SPRR2D	SPRR3	SQSTM1	STEAP1	TAC1	TACSTD2	TAF2	TATDN1	TBX4	TCERG1	TCN1	TGM1	THOC3	TIA1	TMEM216	TMPRSS11D	TMPRSS4	TNMD	TNNI1	TNNT2	TRIM25	TRIM29	TSPAN1	TWIST2	TXN	UAP1	UBE2Q1	UBE2V2	UBR5	UCK2	UPK1B	UQCRB	VEGFA	VMO1	WDR27	WDYHV1	WFDC2	WFDC21P	WIF1	WSB1	YWHAZ	ZFAND1	ZFHX4-AS1	ZNF395	ZNF7
TH34_2410_S01-v11_polya-lowstringency_pd_outliers	ABCB1	ABCB8	AC034198.1	ACADVL	ADAM33	ADAMTS19	ADCY4	ADGRB1	ADRA2C	AFAP1L2	AL662801.1	ALDH1A1	ANKRD19P	AP000349.2	ASTN2	ATP1B2	ATP1B3	BCHE	BLOC1S5-TXNDC5	C17orf58	C19orf60	C1orf123	C21orf2	C4orf48	CDC37	CDKN1C	CHKB	CHST8	CITED1	CLEC11A	COL26A1	COL27A1	COL2A1	CRELD1	CRHR1	CRYBB2P1	CTSV	CTXN1	CXorf36	DENND2A	DKK1	DPH7	DPP6	ECEL1	EEF1A1P13	EFNA3	EMX2	EMX2OS	ENPP2	EPHB6	ERF	ESR1	FAM173A	FAM19A5	FAM89A	FBXO18	FCGRT	FZD10-AS1	GAS6	GFRA2	HAGHL	HAND2	HES4	HES6	HOXA11	HOXA11-AS	HOXA5	HOXD10	HOXD11	HOXD3	HOXD4	HOXD9	HPCAL1	HYAL2	IDUA	IFITM2	IFITM3	IFT43	IGSF21	IMMP1L	ISOC1	ITM2B	KCNK6	KIAA0895L	KLF2	LAMA3	LCN6	LEF1	LINC01089	MAN2C1	MAPK11	MDK	MED25	MED4	MEI1	METRN	MIR1282	MIR5047	MIR671	MMP11	MMP15	MTND2P28	MUS81	MYO15B	NEAT1_2	NPDC1	NPR2	NPTX1	NR4A1	NRGN	NSUN5P2	NUTM2B	NXF1	OAZ2	OSBPL1A	OSR2	PAGE4	PCDHGC3	PDZD4	PGR	PPP1R12C	PPP2R2C	PPP2R3B	PSD	PTH1R	RAMP1	RASL11B	RBM6	ROBO3	RP1-20B21.4	RP11-1100L3.8	RP11-342I1.2	RP11-638I2.6	RP11-680F20.6	RP11-732A19.5	RPL13P12	RPRM	SGSH	SGSM3	SH2B1	SLC22A1	SLC47A1	SNHG25	SNX1	SPSB3	SSR2	TELO2	TMEM120B	TMEM132E	TRAF3IP2	TRIM7	TRMT2A	TRPT1	TTC1	TUBGCP6	TWIST2	UXS1	VCAN-AS1	VGF	VPS25	WNT11	WT1	Y_RNA	ZBTB48	ZCCHC12	ZNF516
TH34_2411_S01-v10_polya-lowstringency_pd_outliers	ABCC10	AC034198.1	AC096559.1	ACAN	ACTA1	ACTC1	ADAMTS10	AGAP2-AS1	AL132780.1	AL662801.1	AP003041.1	ARHGEF25	AVIL	B4GALNT1	BGLAP	BPIFB4	C6orf226	CCDC101	CCDC159	CCL13	CCT2	CDH15	CDK4	CDK5RAP3	CDKN2D	CERCAM	CHAD	CKM	CLEC11A	CMKLR1	CNOT2	COL13A1	COMP	COPZ2	COX6A2	CRELD2	CRLF1	CTDSP2	CYP27B1	DCAF15	DDB2	DLX3	DLX5	DTX3	DYSF	EEF1A2	EHMT1	ENKD1	ENO3	FAM20C	FOXS1	FRG2FP	FRS2	GPR108	HSF4	IBSP	IGFN1	INPPL1	IPO13	ISYNA1	KAT2A	KCNF1	KCNMB4	KIAA1462	KLK4	LAMP5	LCAT	LCMT1	LIME1	LINC01481	MAP2K2	MARCH9	MB	MDM2	MEG3	METTL1	METTL21B	MFAP5	MIB2	MICALL2	MIR671	MIR675	MMP17	MSX1	MUSTN1	MYBPC2	MYH1	MYL1	MYLPF	NEB	NOMO2	OCEL1	OLFML2B	ORMDL3	OS9	OSR1	P4HA3	PET100	PHF1	PLA2G5	PRR14	PTH1R	RAB3IP	RGS3	RHBDF1	RNA5SP216	RNA5SP244	RP1-20B21.4	RP11-1212A22.4	RP11-343H5.4	RP11-571M6.17	RP11-571M6.18	RP11-588H23.3	RP11-611O2.3	RP11-620J15.3	RP11-632C17__A.1	RP11-785D18.3	RP11-802E16.3	RP11-867G23.4	RP3-508I15.18	RP4-583P15.14	RP4-738P15.6	RP4-765C7.2	RUNX2	SDCCAG8	SDF2	SH2B1	SLC17A9	SLC26A10	SLC29A1	SLC39A13	SNAI1	SNHG25	SNHG9	SNORD89	SP7	STAC3	STMN3	SUGCT	TCAP	TGFB1	THBS4	TMEM259	TNFRSF6B	TNNC2	TNNI2	TNNT1	TNNT3	TPRG1	TSFM	TSPAN31	TYK2	WASH3P	XRCC6BP1	YEATS4	YPEL3	Y_RNA	ZGPAT
TH34_2666_S01-v11_polya-lowstringency_pd_outliers	ABCC8	AC002523.1	AC005606.15	AC006116.20	AC104451.2	ACSF2	AHRR	ALX1	AMDHD1	AP000580.1	AP001059.6	AP1M2	ARHGAP8	ARVCF	BCO2	BCYRN1	CAMK1G	CBLN2	CD99P1	CEMP1	CHD5	CLDN1	CNGB1	CRH	CSAG1	CSAG3	CTB-12A17.3	CTB-191K22.5	CTB-36O1.7	CTD-2308N23.2	CTD-2349P21.7	CTD-2545M3.2	CTD-2659N19.10	DNAAF1	EP400	ERVH48-1	FABP7	FAR2P1	FLT4	FMN2	FOXB1	GGN	GK	GLIS3-AS1	GNRH1	GTSF1	GYG2	GYG2P1	IGLON5	LA16c-361A3.3	LDLRAD2	LINC00473	LINC01150	LINC01393	LPCAT1	MDM2	MEIOB	MT-ATP6	MT-CO1	MT-CO2	MT-CO3	MT-CYB	MT-ND2	MT-ND3	MT-ND4	MT-ND4L	MT-RNR2	MTATP6P1	MTRNR2L12	MUC2	MUC5AC	MUC6	NHSL1	NPIPB3	OBP2A	PAEP	PIGG	POLE	RALYL	RBPJ	RGS20	RHPN1	RNA5SP425	RNA5SP466	RP1-20B21.4	RP1-56K13.3	RP11-1079K10.4	RP11-109M17.2	RP11-110I1.6	RP11-126K1.8	RP11-134D3.2	RP11-159D12.5	RP11-179G8.1	RP11-192H23.5	RP11-20I20.4	RP11-231C14.4	RP11-244F12.2	RP11-307C12.12	RP11-323N12.5	RP11-380M21.2	RP11-385F7.1	RP11-390P2.4	RP11-473E2.4	RP11-496I9.1	RP11-498C9.2	RP11-498P14.3	RP11-580I16.2	RP11-627K11.6	RP11-676J15.1	RP11-802E16.3	RP11-804A23.4	RP11-809N8.5	RP11-82L18.2	RP11-977G19.5	RP3-508I15.18	RP5-857K21.11	RP5-857K21.7	RP5-940J5.9	RPL13AP2	SCNN1B	SFTPA1	SFTPA2	SFTPB	SFTPC	SHC3	SLC12A5	SLC13A4	SLC1A6	SNHG25	SNORA77	SNORD13	SPRED3	SPRR2A	SPTBN4	SULT1E1	SYCE1L	SYCP2L	T	VCAN-AS1	VGF	Vault	WNK2	WNK4	WT1-AS	WT1-AS_7	WT1-AS_8	Y_RNA	ZFHX2	snoU13
