TH34_1149_S02-pancancer	AC006262.5	AC055736.1	AC093818.1	ADAM19	ADRA1B	AGER	AMH	ANKRD1	APBB2	ATP1B3	BANCR	C21orf91	C8orf58	CDC14A	CHKB-CPT1B	CLEC2L	CMKLR1	CSNK2B-LY6G5B-1181	DESI2	DKFZp434J0226	DLGAP1	ENO3	EPHA7	FAM159B	FBXO32	FBXW7	FCN3	FNTB	HSPA2	HSPG2	IGF1	IGFL2	IGFL3	ITGA6	KANK4	KRT4	KRT6A	L1TD1	LBX1-AS1	LEFTY1	LENG8	LINC00052	LTF	MACF1	MAML3	MARCH9	MAX	MDM1	MEOX2	METTL22	MFAP5	MIAT	MIAT_exon5_3	MPP3	MTATP6P1	MUC16	NAPSA	NCCRP1	NHSL2	NPIPB3	NPIPB4	NPIPB5	NTRK3	NUAK1	PCDH19	PCGF5	PDE11A	PGC	PODXL	RAB15	RGS11	RIMKLB	RNF19A	RP11-1212A22.4	RP11-159D12.5	RP11-166B2.1	RP11-231C14.4	RP11-337N6.1	RP11-394O4.5	RP11-478C6.4	RP11-677O4.6	RP11-81H14.2	RP5-857K21.11	RTTN	SCGB1A1	SCGB3A1	SCGB3A2	SFTA2	SFTPA1	SFTPA2	SFTPB	SFTPC	SFTPD	SOCS6	SOX17	SPTBN4	TARBP1	TENM2	TLR8-AS1	TMSB4XP4	TNNI3	USP1	WSCD2	ZDHHC19
TH34_1150_S02-pancancer	ABCA5	ABHD6	ACIN1	ACTN2	ADAM33	ADAMTS10	ADGRG2	ADRA1D	AHI1	AHSA2	AK3	AL442127.1	AMER2	AP4B1	ARHGAP17	ARL17A	ARPP21	ARTN	ARX	ASXL1	ATAT1	BCL11B	BMI1	BRD8	BRPF3	BTAF1	C1QL2	C3orf17	CACNA2D1	CACNB2	CALCA	CALCB	CAMK1G	CAPRIN1	CBFA2T2	CCDC14	CCDC171	CCDC90B	CCER2	CD99	CD99P1	CDC37L1	CDC40	CDK13	CEP57	CEP95	CES4A	CHD3	CHD9	CHN2	CIC	CLASP2	CLEC11A	CLVS2	CNTFR	CPEB2	CPNE7	CRHR1-IT1	CSAD	CTA-228A9.3	CTD-2270P14.1	CYP26B1	CYP4F22	D2HGDH	DAAM2	DDX17	DDX42	DFNB31	DKK2	DLG2	DMTF1	DNER	DUX4L50	ECE2	ELF2	EOGT	EPB41	EPC1	EPHA4	ERF	EXOC6B	FAM156A	FAM156B	FAM175A	FAM19A5	FAM219B	FAM46A	FAM65C	FAT4	FCGRT	FEZF1	FEZF1-AS1	FLRT2	FNBP4	FRZB	FUBP1	G0S2	GABPB1-AS1	GAS1	GIGYF1	GLG1	GOLGA8N	GPR174	GRK5	GRM2	GSTM5	HERC4	HHIP-AS1	HIPK1	HMCN1	HNRNPDL	HNRNPH1	HNRNPU-AS1	HOOK1	HOXB13	HOXB8	HS3ST4	IGF2BP1	IGLON5	IPO5	IRS1	ITM2A	IVNS1ABP	JAK1	JAKMIP2	JPH1	JPH4	KANSL1	KCNE4	KDSR	KIAA0895L	KIAA0907	KIAA1456	KMO	KSR1	LDB2	LECT1	LENG8	LETMD1	LINC00342	LINC00632	LINC01089	LINC01547	LINGO1	LIPI	LL21NC02-1C16.2	LMO2	LONRF1	LOXHD1	LRCH3	LRRC4C	LSAMP	LTA4H	LTBP4	LUC7L3	MAPT	MAPT-AS1	MAPT-IT1	MAT2A	MEG3	METTL3	MIS18BP1	MLC1	MOXD1	MRI1	MRPL22	MSL1	MYL5	NAPSA	NBPF3	NEIL1	NEU4	NKTR	NKX2-2	NPW	NPY	NPY1R	NPY5R	NR0B1	NRD1	OGN	OGT	OLFM3	ORAOV1	PAPPA	PAX3	PAX7	PAXBP1	PCDH8	PCF11	PCMTD2	PCSK1	PCSK2	PDCD1	PDS5B	PENK	PGAP1	PHF21A	PHKA2	PKP1	PLCXD1	PLEKHH2	PNISR	PNN	POU3F1	POU3F2	POU4F2	PPAPDC2	PPFIA1	PPFIA3	PPP2R2A	PPWD1	PRDM2	PRKCB	PROX1	PRPF39	PRPH	PRRT2	PRSS35	PSD	PSMA3-AS1	PTPRR	R3HDM2	RABGAP1	RASGEF1B	RBBP6	RBFOX2	RBM11	RBM25	RBM5	RBMX	RERGL	RFX5	RNF141	RNPC3	RP11-1415C14.3	RP11-156P1.3	RP11-347E10.1	RP11-575L7.8	RP11-673C5.1	RP11-706O15.5	RP11-734K23.9	RP11-98J23.2	RP5-984P4.6	SAMD14	SCG2	SCN1A	SCN3A	SCN9A	SFPQ	SFTPA1	SFTPA2	SFTPB	SFTPC	SHANK1	SIAH3	SIM2	SLC38A4	SLC6A15	SNHG1	SNRPGP4	SOX6	SRSF1	SRSF11	SSH1	ST3GAL3	STAG3L1	STAG3L2	STAG3L3	STARD13	STEAP2	STMN4	STON1	STRADA	STRBP	STX16	SUN1	SVIL-AS1	SYT4	TBC1D4	TBKBP1	TCERG1	TCERG1L	TCTEX1D1	TDRD3	THOC1	TIA1	TMEM161B-AS1	TMEM229A	TMEM38A	TMEM47	TMEM59L	TNRC6A	TOX2	TRIM52	TRIM69	TRPM4	TSPYL2	TTC14	TTC21B	TTLL3	TTN-AS1	UBE2G2	USPL1	VAMP1	VAX1	WASF1	WBSCR17	WDR70	WDR73	WSB1	XAGE1A	XAGE1B	ZBED5	ZBTB1	ZBTB43	ZC3H13	ZDHHC17	ZDHHC21	ZDHHC3	ZFAS1	ZFC3H1	ZFP62	ZNF276	ZNF300P1	ZNF397	ZNF514	ZNF558	ZNF581	ZNF704	ZNF83	ZNF84	ZRANB2
TH34_1162_S01-pancancer	ABHD6	ACACB	ACTN2	ADAMTS10	ADGRG2	ALG9	AP4B1	ARHGAP17	ARTN	ASGR1	ATG16L2	C1orf61	CCDC171	CCK	CDH23	CDH24	CEACAM21	CHKB	CLEC11A	COG7	CSAD	CTC-575D19.1	CYP26B1	CYP4F22	DAPK1	DCHS2	DLG2	DUOX2	DUOXA2	EGFLAM	FAM118A	FAM156B	FAM65C	FCGRT	FEZF1-AS1	FLRT2	FREM1	FTL	GLCE	GLG1	GP1BB	GRP	GYG2	HAP1	HMCN1	HMOX1	HOXD10	HOXD11	HOXD9	IL24	ITM2A	JAK1	KCNE3	KDSR	KIAA1456	KMO	LGMN	LIPI	LL21NC02-1C16.2	LONRF1	LOXHD1	MIER2	MXD3	NAIP	NKX2-2	NPW	NPY	NR0B1	NRD1	ODF2L	PADI2	PAX7	PHKA2	PPP1R1A	PRKCB	PRND	PRRT4	PRSS35	RASAL3	RBM11	RCN3	RP11-343H5.4	RP11-734K23.9	RP4-765C7.2	SCG2	SCNN1G	SDCCAG3	SHANK1	SIGLEC1	SIM2	SLC17A8	SLC38A4	SNX18	SRSF6	STAB1	SYNPR	TAF6L	TIAL1	TMEM100	TMEM91	TNFAIP6	TOX2	TRAV1-2	UGT3A2	WBSCR17	XAGE1A	XAGE1B	XG	ZDHHC3	ZNF276
TH34_1163_S01-pancancer	AC005062.2	AC132217.4	ACTA1	ACTC1	ACTN2	ADH1C	ANKRD10	AP001065.15	ARGLU1	CAPN6	CASQ2	CDC16	CDH15	CDK8	CDON	CENPJ	CHRNA1	CHRND	COL26A1	CRABP1	CSAG1	CSAG2	CSAG3	CSTF3	CTD-2545M3.8	CUL4A	DLK1	DNM3OS	DSCR8	EMILIN3	ENO3	EXOSC8	FABP7	FAR2P1	FBN2	FMO1	FNDC5	GAS2	GPALPP1	GTF2F2	GTSF1	HNRNPA1	IGF2	IGF2-AS	IL17B	ING1	IPO5	JPX_1	KIAA1429	KLHL41	LONRF1	MED4	MEOX2	MIR503HG	MRLN	MRPS31	MYBPH	MYH3	MYH7B	MYL4	MYLPF	MYOG	NEB	NEFL	NEFM	NIFK	NNAT	NPIPP1	PAX7	PCDH18	PCID2	PDS5B	PGA3	PGA4	PGA5	PNN	PRG4	PTX3	RAPSN	RBM39	RP11-229E13.4	RP11-680F20.12	RP4-765C7.2	RPL21	RPL26	RPS25	RPS27A	RPS7	SAP18	SCARA5	SF3B6	SGCA	SHD	SMPX	SNHG1	SRPK3	SRSF11	STAC3	SUPT20H	TAF1D	TNMD	TNNC1	TNNC2	TNNI1	TNNI2	TNNT2	TNNT3	TPP2	TSPEAR-AS1	TSPEAR-AS2	TTN-AS1	UBE2V1	UBXN8	UTP11L	ZFAS1	ZNF595
TH34_1179_S01-pancancer	AC005307.3	ADAMTSL2	AGAP9	AL442127.1	ALB	AMBN	APCDD1	ASCL2	ASCL5	ASPSCR1	C1orf127	CADPS	CALML3	CALML5	CAPRIN2	CCDC146	CCDC3	CEMIP	CERK	CHGA	CHGB	CHRNA1	CHRNA3	CLASP2	COLEC11	CPLX2	CST1	DKK3	DKK4	DLX4	DNER	DPEP1	ERVMER34-1	FAM95C	FASLG	FBLN7	FGD5	FGF19	FGF20	FGF3	FGFR1	FGGY	FIBCD1	FOXS1	FRMPD1	GAD1	GAP43	HEYL	HMP19	IGFN1	KIAA0895L	KREMEN1	LAMA2	LAMC3	LDB2	LINC01158	LRRC32	LY6G6C	MASP1	MGAT5	MIAT	MSX2	MYH7B	NDST2	NELL2	NFASC	NGFR	NKD1	NOTUM	NXPH3	OR51E1	OVOS2	PAGE2B	PAGE5	PAN2	PCMTD2	PHKA2	PKD1	PLAC9	PLB1	PREB	PRKCQ	PRSS56	PSTPIP1	PTCH1	QSOX2	RAB15	RASL11B	RCAN2	RGS11	RIMBP2	RIMKLA	RP11-116G8.5	RP11-20I20.4	RP11-350N15.4	RP11-394O4.5	RP11-401P9.4	RP11-449J21.3	RP11-734K23.9	RP4-669L17.10	RP5-857K21.11	RP5-857K21.7	RUNDC3A	SCG2	SCG3	SEZ6	SHH	SLC7A6	SNAP25	SNHG25	SP6	SPPL2B	SSTR1	STAG3L5P	STAP1	STARD3	STMN2	STRA6	SYP	TAGLN3	TCF7L2	TM4SF4	TMPRSS3	TNFRSF11B	TP53BP1	TRDC	TRPM8	TSPAN11	TSPAN32	TTLL3	UACA	VGF	WDR59	WNT16
TH34_1238_S01-pancancer	ABCA7	ABHD15	AC002454.1	AC005154.6	AC019118.3	AC093642.3	AC125232.1	ACAP1	ACIN1	ADAM23	ADAMTS10	ADAT2	ADRBK1	AGAP6	AKNA	AL442127.1	AOX2P	AP1G2	ARGLU1	ARHGAP17	ARHGAP30	ARHGAP4	ARHGEF1	ARHGEF18	ARPC4-TTLL3	ARPP21	ASMTL-AS1	ATG16L2	ATHL1	ATM	ATP13A1	BANK1	BBC3	BCAS4	BCL7A	BLK	BNIP3P41	BTK	BZRAP1-AS1	C16orf93	C17orf62	C1orf228	CARD8	CCDC69	CCDC78	CCND3	CCNL1	CD19	CD22	CD69	CD70	CD72	CD79B	CDHR3	CDK11A	CEACAM21	CEP95	CERKL	CHKB-CPT1B	CIITA	CLASRP	CLEC2D	CLECL1	CLK3	CORO1A	CPT1B	CSK	CSNK1G2	CTC1	CTD-2020K17.1	CYTH1	DDX5	DDX51	DENND4B	DGKD	DOCK8	DOK3	DTX1	DUS3L	EBF1	EME2	ENO3	ENTHD2	ENTPD4	ERICH1	FAM129C	FAM150B	FAM193B	FAM65B	FBRS	FBRSL1	FCHSD1	FCMR	FCRL1	FCRLA	FGD2	FGD3	FNBP1	FPGS	GABPB1-AS1	GAS6-AS1	GCSAM	GEMIN7	GGA1	GGA3	GIPR	GMIP	GOLGA8A	GOLGA8B	GOLGA8N	GPC2	GRK6	GUSBP11	HDAC10	HERC2P3	HLA-DQB1-AS1	HMHA1	HNRNPH1	HOXA5	HPS4	HSH2D	IDUA	IGHD	IGHV3-20	IGHV5-78	IKZF1	INPP5D	INPPL1	INTS1	IRF4	ITGA4	KAT2A	KCNK9	KIAA0226L	KIAA0922	KLF2	KLHDC4	KLRC4-KLRK1	KLRF2	KLRK1	KRI1	LAMP5	LAT2	LCN8	LDLRAD2	LENG8	LHPP	LIMD2	LINC00426	LINC01013	LINC01237	LPXN	LRCH4	LRMP	LRWD1	LTK	LY9	LYL1	MAN2A2	MAP4K2	MCOLN2	MEN1	MFNG	MICAL1	MILR1	MOB3A	MPEG1	MRPS25	MS4A1	MSH5	MSL3	MTOR	MYL5	MYO18A	MYO1G	NAA40	NADK	NADSYN1	NARFL	NAT9	NCF4	NCKAP1L	NEIL1	NGLY1	NPIPB3	NPIPB4	NPIPB5	NRROS	NUDT1	NXF1	OFD1	OGT	ORMDL1	OVCH2	P2RX1	P2RX5	P2RY11	PABPN1	PAN3	PARP15	PARVG	PAX5	PCDH9	PDE6G	PENK	PIK3AP1	PIK3CD	PILRB	PLCG2	PLD4	PNN	POLG2	POLM	POU2F2	PPHLN1	PPP2R3B	PPP6R1	PTOV1-AS2	PTPN6	PTPRCAP	PUS1	QRSL1	QSOX2	RAB24	RAB37	RABEP2	RASAL3	RASGRP2	RASSF1	RBM19	RBM5	RBM6	RCSD1	RELL2	RFX5	RGS19	RHOH	RLTPR	RNF44	RP1-170O19.23	RP11-1334A24.6	RP11-203J24.9	RP11-231C14.4	RP11-290F5.2	RP11-291B21.2	RP11-325F22.2	RP11-488L18.4	RP11-632K20.7	RP11-706O15.5	RP11-734K23.9	RP11-75L1.2	RP4-717I23.3	RP4-800G7.2	RP5-1028K7.2	RP5-1171I10.5	RP5-887A10.1	RPL13P12	RPTOR	RPUSD4	RRP7BP	S1PR4	SAP25	SASH3	SCARNA9	SCML4	SDCCAG3	SEC31B	SELO	SEPT1	SEPT6	SF1	SFSWAP	SGSM3	SHANK1	SIRT7	SIT1	SLC12A9	SLC17A9	SLC2A11	SLC2A6	SLC7A6	SMG1P1	SNHG4	SNRNP70	SNX22	SNX25	SPIB	SPN	SPPL2B	SRRM2	SRSF5	SRSF6	ST6GALNAC4	STAG3L5P	STAG3L5P-PVRIG2P-PILRB	STAP1	STIM2	STX16	SUGP2	SYVN1	TAF1C	TAPT1	TAZ	TBC1D10C	TBC1D27	TCF3	TCL1A	TCL1B	TCL6	TCTEX1D1	TECPR1	TEP1	TMC8	TMEM259	TMEM55B	TNFRSF13B	TNFRSF13C	TOP3B	TP53I13	TRABD	TRAF3IP3	TRIM25	TRMT1	TSPAN32	TTC24	TTC7A	TUBGCP6	UBASH3B	UBE2G2	UHRF2	ULK3	USF1	VAT1L	VAV1	VPREB3	WDR86	ZAP70	ZCCHC7	ZNF195	ZNF266	ZNF276	ZNF775	ZRSR2
TH34_1239_S01-pancancer	ABCA7	ABTB1	ACAP1	ADCY7	ADPGK	ADRBK1	AHSP	AKNA	AL442127.1	ALAS2	AMICA1	ANKRD13D	AOAH	APOBEC3A	APOBR	APOC4-APOC2	ARG1	ARHGAP30	ARHGAP4	ARHGAP9	ARHGEF1	ARPC4-TTLL3	ARRB2	ARTN	ATG16L2	AZU1	B3GNT7	BANK1	BIN2	BNIP2	BPI	BST1	BTK	C10orf54	C11orf21	C16orf54	C19orf38	C1orf228	CA1	CACNA2D4	CAMP	CARD8	CCDC88B	CCND3	CD247	CD300A	CD300LF	CD33	CD69	CD7	CD8B	CDA	CEACAM8	CFD	CFP	CLC	CLEC10A	CLEC11A	CLEC12A	CLK3	CNPY3	CORO1A	CORO7	CRISP3	CSF3R	CSK	CSNK1G2	CST7	CTC1	CTD-3154N5.2	CTSG	CTSW	CX3CR1	CYTH4	DEF6	DEFA1	DEFA1B	DEFA3	DEFA4	DENND3	DENND4B	DGKZ	DIP2A	DOCK2	DOCK8	DOK2	DOK3	DUSP2	EAF2	ELANE	ENTHD2	FAM101B	FAM117A	FAM157C	FAM46A	FAM65B	FCAR	FCGR2C	FCGR3B	FCN1	FECH	FERMT3	FES	FGD2	FGD3	FGL2	FGR	FLI1	FLT3LG	FMNL1	FOLR3	FPR1	FRAT2	FUT4	GCA	GFI1	GMFG	GMIP	GNLY	GOLGA8M	GOLGA8N	GPSM3	GRIP1	GRK6	GTF3C5	GZMB	GZMH	H2AFY	HBA1	HBA2	HBB	HBD	HBG2	HBM	HCK	HEMGN	HK3	HMBS	HMHA1	HP	HVCN1	ICAM3	IGSF6	IKZF1	IL10RA	IL16	IL2RB	IRF5	IRF8	ITGA4	ITGAL	ITGAM	ITGAX	ITGB2	ITGB2-AS1	ITGB7	KCNAB2	KCNE5	KLF2	KLRK1	LAT	LAT2	LCK	LILRA1	LILRA2	LILRA5	LILRA6	LILRB1	LILRB2	LILRB3	LPPR3	LRCH4	LRRC25	LST1	LTA4H	LTB4R	LTF	LYL1	LYST	MAPKAPK3	MATK	MBNL1	MCEMP1	MFNG	MICAL1	MKL1	MLC1	MMP8	MNDA	MOB3A	MPEG1	MPO	MS4A3	MYO1F	MYO1G	NADK	NAIP	NCF1	NCF1B	NCF1C	NCF2	NCF4	NFE2	NKG7	NRROS	OLFM4	ORM1	OSCAR	P2RX1	PADI4	PARP8	PARVG	PFN1	PGLYRP1	PI4KAP1	PIK3CD	PIK3R5	PILRA	PIP4K2A	PLB1	PLCB2	PLCG2	PLD4	PPP6R1	PRAM1	PRF1	PRG2	PRKCB	PRSS57	PRTN3	PSTPIP1	PTGER2	PTGER4	PTK2B	PTPN18	PTPN6	PTPN7	RAC2	RASAL3	RASGRP2	RASGRP4	RASSF1	RCSD1	RELT	RETN	RGL4	RGS19	RHOG	RIN3	RNASE2	RNASE3	RNF166	RNF44	RP11-632K20.8	RP6-159A1.4	S100A12	S100A8	S1PR4	SAMHD1	SAP25	SASH3	SELL	SEPT1	SEPT6	SERPINB8	SH3BP2	SHOX2	SIGLEC14	SIRPB1	SLC11A1	SLC25A37	SLC4A1	SPI1	SPN	SRGN	STK10	STX11	SUN2	TAGAP	TBC1D10C	TCN1	TMC8	TMCC2	TRAF3IP3	TRDC	TSPAN32	VAV1	VNN2	VSTM1	WAS	XAGE1B	ZAP70	ZNF394
TH34_1240_S01-pancancer	ACTA1	ACTC1	ACTN2	ADGRA1	ADRB3	ANKRD1	ANKRD2	ANKRD23	C16orf95	CA3	CAMKV	CASQ1	CCDC155	CCK	CKM	CLEC11A	CLUL1	COX6A2	CPNE7	CSRP3	CTD-2017F17.2	CYP4F29P	DES	ENO3	FAM207A	FEZF1	FEZF1-AS1	FOXP4-AS1	FREM1	GNGT2	GP1BB	GRP	HAP1	HSPB7	KLHL17	KLHL41	LDB3	LINC01405	LIPI	LOXHD1	MAP7D2	MB	MROH2A	MT-CO2	MUC6	MUSTN1	MYBPC1	MYH2	MYH7	MYL2	MYL3	MYLPF	MYOM2	MYOT	MYOZ1	NDUFB9	NEB	NPW	NR0B1	OTX2	PDIA2	PPP1R27	PRRT4	PYGM	RBM11	RHCG	RP1-20B21.4	RP11-150O12.6	RP11-20O24.4	RP11-451G4.2	RP11-478C6.4	RP13-870H17.3	RP5-857K21.11	RP5-857K21.7	RPLP1	RPS28	RUFY4	SC22CB-1E7.1	SCX	SEMA5B	SLN	SMPX	SNHG25	STAC3	SYCP1	TATDN1	TCAP	TFAP2B	TG	TMEM71	TNNC1	TNNC2	TNNI1	TNNI2	TNNT3	TRAV1-2	TRMT1	TSSC2	TTN-AS1	TTTY14	UGT3A2	XAGE1A	XAGE1B	XIRP2	ZGLP1
TH34_1349_S01-pancancer	AAMP	ABCC4	AC004540.4	ACACB	ADGRA2	ADRA1B	AFMID	AGFG2	AL442127.1	AMPD3	ANKRA2	ANKS1A	APBB3	APLN	ARSB	ASIC3	BARX1	C1QL1	C5orf56	CCKBR	CCNJL	CD34	CDC42EP2	CDK20	CHN2	CLASP2	CLEC11A	CNTN1	COL13A1	CPED1	CRMP1	CTD-3064M3.3	CTD-3064M3.7	CTDSPL	CYP39A1	CYP3A7	DAB2IP	DACT1	DDX26B	DDX5	DOCK6	DPH1	DPP10	ETV1	F2RL2	FBXO9	FCHSD1	FENDRR	FGD5	FGF4	FGL2	FLNC	FOXF1	FREM1	GALT	GBA2	GEM	GFRA1	GPR162	GPR20	GRAMD3	GUCY1A3	GUCY1B3	HAND2	HAND2-AS1	HERC2P2	HIC1	HOTAIRM1_5	HOXA3	HOXA5	HOXB3	HSD17B12	IFT57	IGF2	INPP5A	INPPL1	ISOC1	ITGA10	KANK2	KCNK3	KIT	LGI4	LRRC4B	LRRN4CL	LSAMP	LTBP4	MARCH11	MC1R	MEIS1	MFAP4	MIR143HG	MLXIP	MOXD1	MRVI1	MT-CO2	NEFL	NELL1	NEXN	NKX3-2	NLGN4Y	NPTX1	OBSCN	PCDHB10	PDE1A	PDE3A	PDE8A	PELO	PGM5	PIDD1	PIP4K2A	PKD1	PLAGL1	PLAT	PLCE1	PNISR	PPWD1	PRKAR2B	PRRT2	PTCH1	PTP4A3	PTPN12	PWWP2A	RAB28	RASGEF1B	RASSF2	RCAN2	RCBTB1	RELN	RGS2	RGS4	RGS7BP	RNA5SP216	RNPC3	RP11-323N12.5	RP11-394O4.5	RP11-429A20.4	RP11-626H12.1	RP11-693N9.2	RSPO3	SCUBE1	SERTAD4	SFRP1	SIK2	SIN3B	SIX2	SLC12A2	SLC25A27	SLTM	SMTN	SMYD4	SPRY4	SPRY4-IT1	SRSF5	ST5	STIM2	STX11	SUN1	SYNM	TAPBPL	TBL1X	TECPR2	TMEM132C	TMEM30A	TMEM59L	TPBG	TSC22D4	TTC1	WWC3	ZFR2	ZNF711	ZSWIM6
TH34_1349_S02-pancancer	ABCC4	AC004540.4	ACACB	ACAD11	ACSM2A	ACSM2B	ADGRA2	ADH1A	ADH1B	ADH1C	ADH4	ADH6	AFMID	AGFG2	AGXT	AHSG	AL442127.1	AL603831.1	ALB	ALDOB	AMBP	AMPD3	ANGPTL3	ANKS1A	ANO1	AOX1	APOA1	APOA2	APOB	APOC1P1	APOC3	APOC4	APOC4-APOC2	APOH	APOM	AQP9	ARG1	ARSB	ASGR1	ASGR2	ASIC3	BAAT	BARX1	BHMT	BHMT2	BMPR1A	C1QL1	C4BPA	C4BPB	C6	C8A	C8B	C8G	C9	CCKBR	CD34	CDC42EP2	CDK20	CEND1	CFHR1	CFHR3	CHN2	CLEC11A	COL13A1	CPB2	CPED1	CPS1	CRMP1	CTC-251I16.1	CTD-3064M3.3	CTD-3064M3.7	CTDSPL	CYP1A2	CYP2A6	CYP2B6	CYP2C8	CYP2C9	CYP2E1	CYP3A4	CYP3A7	CYP4A11	CYP4A22	DAB2IP	DACT1	DDX5	DOCK6	DPH1	DPP10	EDN3	ETV1	F2	F2RL2	FABP1	FBXO9	FCN3	FENDRR	FGA	FGB	FGD5	FGF4	FGG	FGL1	FGL2	FMO3	FOXF1	FTCD	G6PC	GALT	GC	GFRA1	GLYAT	GLYATL1	GPR162	GPR20	GRAMD3	GSTA2	HAMP	HAND2	HAND2-AS1	HAO2	HGFAC	HIC1	HMGCS2	HOXA3	HOXA4	HOXA5	HP	HPD	HPR	HPX	HRG	HRH2	HSD11B1	HSD17B6	HULC	IGFBP1	IL11RA	ITGA10	ITIH1	ITIH2	ITIH3	ITIH4	KANK2	KCNK3	KCTD12	KIF21B	KIT	KNG1	LGI4	LRRC4B	LSAMP	MASP2	MAT1A	MEIS1	MIR143HG	MRVI1	NBPF11	NEFL	NELL1	NEXN	NKX3-2	NLGN4Y	OBSCN	ORM1	ORM2	PAH	PCK1	PDE1A	PDE3A	PDE8A	PGM5	PIDD1	PIP4K2A	PLAGL1	PLAT	PLG	PNISR	PON1	PRAP1	PRKAR2B	PRKCQ	PRKCQ-AS1	PROC	PRRT2	PTCH1	PTGIS	PTH1R	PTP4A3	PTPN12	PWWP2A	RAB28	RABGAP1L	RASGEF1B	RASSF2	RBP4	RELN	RGS2	RGS4	RGS7BP	RNA5SP216	RNPC3	RP11-323N12.5	RP11-384F7.2	RP11-394O4.5	RP11-626H12.1	RP11-693N9.2	SAA4	SERPINA11	SERPINA4	SERPINA6	SERPINC1	SERPIND1	SERPINF2	SERTAD4	SFRP1	SIX2	SLC12A2	SLC13A5	SLC22A1	SLC25A47	SLC2A2	SMTN	SMYD4	SPRY4	SRSF5	ST5	STIM2	SULT2A1	SYNM	TAPBPL	TAT	TF	TFR2	TM4SF4	TMEM30A	TMEM59L	TPBG	TTC1	TTR	UGT1A1	UGT2B4	UGT2B7	VTN	ZMAT3	ZNF711	ZSWIM6
TH34_1350_S01-pancancer	ABI3	AC009950.1	AC138035.2	ACAP1	ACRBP	ADGRE2	ADRBK1	AHSP	AKNA	ALAS2	ALOX5	AMICA1	ANKRD13D	AOAH	APOBEC3A	APOBR	ARAP1	ARHGAP30	ARHGAP4	ARHGAP9	ARHGDIB	ARHGEF1	ARID3A	ARL8A	ARRB2	ATG16L2	ATP6V0C	AZU1	BIN2	BPI	BST1	BTK	C10orf54	C11orf21	C15orf39	C19orf38	C1orf162	C1orf228	C2CD2L	C5AR1	CA1	CAMP	CAMTA2	CBFA2T3	CCDC88B	CCR1	CD177	CD300A	CD300C	CD300E	CD300LF	CD33	CD37	CD6	CD68	CDA	CEACAM3	CEACAM8	CFP	CLEC12A	CLEC4E	CLK3	CORO1A	CORO7	COTL1	CRTC2	CSF2RB	CSF3R	CSK	CSNK1G2	CST7	CTC-251I16.1	CTD-2006K23.1	CTD-2370N5.3	CTSG	CX3CR1	CXCR2P1	CYTH4	DEDD2	DEFA1	DEFA1B	DEFA3	DEFA4	DENND4B	DGKZ	DOK2	DOK3	DPEP2	ELANE	EPB42	EVI2B	FAM193B	FAM78A	FBRS	FCAR	FCER1G	FCGR2C	FCGR3B	FCN1	FES	FGD2	FGD3	FGFBP2	FGL2	FGR	FLI1	FLT3LG	FMNL1	FPR1	FYB	GAPT	GBP5	GIMAP4	GMIP	GPBAR1	GPSM3	GRK6	GZMH	HBA1	HBA2	HBB	HBD	HBG1	HBG2	HBM	HCK	HK3	HSPA7	HVCN1	ICAM3	IKZF1	IL10RA	IL17RA	IRF5	ITGAL	ITGAM	ITGAX	ITGB2	ITGB2-AS1	KLF2	LENG8	LILRA1	LILRA2	LILRA5	LILRA6	LILRB1	LILRB2	LILRB3	LINC01272	LPAR2	LRRC25	LSP1	LST1	LTA4H	LYL1	MAP4K2	MCEMP1	MEFV	MICAL1	MMP8	MNDA	MOB3A	MPEG1	MPO	MS4A14	MS4A3	MS4A7	MYD88	MYO1F	MYO1G	NADK	NCF1	NCF1B	NCF1C	NCF2	NCF4	NFAM1	NFE2	NFKBIA	NFKBID	NKG7	NMT1	NRGN	NRROS	OSCAR	P2RX1	P2RY13	PADI4	PARVG	PFN1	PGLYRP1	PIK3AP1	PIK3R5	PILRA	PLAC8	PLCB2	POU2F2	PRAM1	PRR14	PRSS57	PRTN3	PTGER4	PTPN18	PTPN6	RAB7A	RAB8A	RASAL3	RASGRP2	RASGRP4	RELT	RETN	REXO1	RGL4	RGS19	RHOG	RIN3	RNA5SP216	RNASE2	RNASE3	RNF166	ROGDI	RP11-362F19.1	RP11-3P17.5	RP11-478C6.4	RP11-498C9.3	RP11-750H9.5	RP11-802E16.3	RP4-669L17.8	RP5-1171I10.5	RP6-159A1.4	S100A12	S100A8	S1PR4	SAP25	SASH3	SCIMP	SECTM1	SELL	SELPLG	SH2B2	SH2D3C	SH3BGRL3	SH3BP2	SHKBP1	SIDT2	SIGLEC10	SIGLEC14	SIGLEC5	SIGLEC7	SIGLEC9	SIRPB1	SLC11A1	SLC4A1	SLC7A7	SMAP2	SNAP29	SNRPGP10	SOS1	SP110	SPI1	SPN	STK10	STX11	STXBP2	TAGAP	TCF7L2	TMC8	TNFRSF1B	TRAF3IP3	TSPAN32	TYROBP	UBXN11	UNC119	VSTM1	WAS	ZRSR2	ZYX
TH34_1351_S01-pancancer	AC005154.6	ACAN	ADAMTS10	AGER	AKAP10	ALKBH5	ALPL	AQP4	ATP8B2	ATPAF2	BARX1	BRIX1	C19orf43	C1QTNF3	C3orf58	C4BPA	CCDC130	CDC37	CLDN18	CLEC11A	COL11A1	COL11A2	COL13A1	COL16A1	COL27A1	COL2A1	COPA	COPS3	COX10-AS1	CTB-134H23.3	CTD-3252C9.4	CTSE	CYP2B7P	DHRS7B	DNAJC21	DRG2	EGFL6	ELAC2	FAM118A	FAM156A	FASTKD1	FKBP7	FLCN	FLII	FLRT2	GAS7	HAPLN1	HERC2P2	HS3ST3A1	IBSP	IFITM5	ILF3	INSC	KRI1	LZTR1	MAP2K4	MAPK7	MARCO	MAST2	MIA	MKNK1	MPRIP	MRI1	MSL3	NAPSA	NCOR1	NDNF	NIPBL	NKX2-1	OGN	OMD	OXCT1	P3H1	PCDH18	PDE4DIP	PEBP4	PGC	PHOSPHO1	PIGL	PPAN	PRPSAP2	PRUNE	PTH1R	RAD1	RAI1	RCOR2	REG1A	RGS3	RHBDL2	RP11-734K23.9	RP4-765C7.2	RUNX2	SCGB1A1	SCGB3A1	SCGB3A2	SCO1	SFTA2	SFTA3	SFTPA1	SFTPA2	SFTPB	SFTPC	SFTPD	SH3BP2	SLC22A31	SP7	SRSF11	STX10	STX8	TARS	THBS3	THEM4	TMEM11	TMEM119	TMEM263	TMTC2	TNNT3	TNPO2	TOM1L2	TOP3A	TRMT1	TTC19	TVP23B	TYK2	UBE2G2	ULK2	UPK3B	USP32P3	WDR70	WWP2	ZNF131	ZNF18	ZNF266	ZNF280D	ZNF286A	ZNF287	ZNF317	ZNF559
TH34_1352_S01-pancancer	ABCA8	AC002398.12	AC005154.6	AC093642.3	AC159540.1	ACIN1	ADGRA2	AEBP2	AFP	AGER	AHI1	AL603831.1	ALB	ALOX15	APPL1	ARHGAP21	ARL15	ARSI	ASIC1	ATG16L1	ATN1	ATP2B4	ATP8B4	ATXN1	ATXN2	BIRC2	BMP4	BOC	BRINP1	BRPF3	BTBD19	C16orf89	C19orf66	C1orf52	C2CD2L	CACNG7	CALB2	CAMK1G	CAP2	CAPRIN2	CASS4	CBFA2T2	CCDC184	CDON	CENPT	CEP164	CEP250	CEP44	CHD2	CHST1	CIZ1	CLEC11A	CNEP1R1	CNIH1	COG7	COL21A1	COL26A1	COX6B2	CSAD	CTD-2545G14.4	CTSE	CYP26A1	DACT1	DDX5	DHX38	DKFZp434J0226	DLG1	DLG4	EED	EML4	ENPP2	FAIM2	FAM133B	FAM156A	FAM160A2	FAM178A	FAM193B	FAM214B	FER1L4	FEZ1	FGFR1	FIP1L1	FNBP4	FNDC5	FREM1	GABBR1	GABPB1-AS1	GATA6	GATA6-AS1	GDF5	GNL2	GNPDA1	GOLGA2	GPC3	GPM6A	GRIN2D	GRIP2	GSDMA	GXYLT2	HAND2	HAND2-AS1	HDC	HGF	HNRNPH3	IBTK	ICAM5	IGF2	IGFL2	ING5	ITSN1	JPH4	KCNC3	KCNG1	KIAA0907	KLF16	LDB1	LENG8	LOXL4	LPAR3	LPPR4	LRP4	LUC7L3	MAML1	MAP3K12	MEG3	MEIS2	MEOX2	MEST	MIAT	MKNK1	MLXIP	MNT	MOK	MTMR11	NAPSA	NDEL1	NDFIP1	NKX2-1	NMT1	NOG	NTM	NXPH2	OAF	OGG1	OGN	OGT	OLFML1	OSR1	P2RY1	PABPN1	PAGR1	PAX6	PBX2	PDLIM7	PHF21A	PIAS1	PICALM	PITX2	PKD1	PLEKHG2	PMFBP1	PNN	PPWD1	PRKAR1A	PRPF39	PRRT1	PRRT2	PRSS2	PSD	PTEN	PVRL3	RAI1	RBFOX2	RBM24	RBM28	RBM33	RBM5	RBM6	RGS2	RHOJ	RNPC3	RP11-242D8.3	RP11-350N15.4	RP11-394O4.5	RP11-478C6.4	RP11-680F20.12	RP11-734K23.9	RP4-800G7.2	RPS6KB1	RRP7BP	RSRC2	RXRG	SAMD4A	SCGB3A1	SCGB3A2	SEC31A	SEZ6	SFSWAP	SFTA2	SFTA3	SFTPA1	SFTPA2	SFTPB	SFTPC	SFTPD	SLC1A6	SLC27A3	SLC6A1	SMTN	SNAI2	SNORA40	SNRPGP10	SP9	SPACA6P	SPAG17	SRRM1	SRSF11	SSX2IP	STIM2	SUV420H2	SVIL-AS1	SYNGAP1	SYTL4	TANK	TBX1	TBX2	TBX5	TCF7L2	TMCO6	TMEM100	TMEM67	TMPO	TRAF3IP3	TRIM5	TRIM6	TRIM65	TRO	TSPYL2	TTLL3	TXNL4B	UBAP2L	UPF3A	VAT1L	VTN	WDR60	WSB1	WT1	YPEL2	ZDHHC17	ZNF783	ZNF827
TH34_1379_S01-pancancer	ACSS2	ACSS3	ACTN2	AGAP9	AGER	AGXT	AHSG	ALB	ALDH1A2	AMACR	AMBP	APOA1	APOA2	APOB	APOC1P1	APOC3	APOC4	APOH	AQP9	ASGR1	ASPSCR1	ASXL1	ATG4B	AXIN2	BMP4	BRPF3	C10orf2	C4BPA	C4BPB	C5	CA4	CCL25	CLDN18	COL2A1	COL9A3	COLEC11	CPA4	CRLS1	CST4	DLK1	DMBT1	DPEP1	DUSP9	ERVH48-1	F2	F5	FABP1	FAM178A	FBXO31	FGG	GPC3	GPR89A	HBG2	HMOX1	HP	HS3ST4	HSDL1	IGF2	IKBKAP	ITIH2	KCNJ5	KIAA0907	KIZ	MARCO	MATN3	MEG3	MEST	MFF	MLEC	MRC1	MRS2	MTG1	MUCL1	MYH7B	NAPSA	NECAB3	NKD1	NOTUM	NOV	NR5A1	ODAM	ORM1	PAH	PCAT14	PEG3	PGC	PLA2G1B	PLP1	PON3	PRAP1	PREB	PROC	RELN	RHBG	RHOBTB1	ROBO3	SCGB3A2	SEMA4G	SEMA6B	SERPINA7	SERPIND1	SERPINF2	SFTA2	SFTA3	SFTPA1	SFTPA2	SFTPB	SFTPC	SFTPD	SLC11A1	SLC13A3	SLC13A5	SLC22A31	SLC30A3	SLC39A5	SMYD2	SP5	SPINK1	STAR	STARD3	TBCE	TF	TNNI2	TRDC	TRH	TRIM50	UCKL1	UXS1	VTN
TH34_1380_S01-pancancer	ACIN1	ADAMTS10	ADCY3	ADGRD1	AKAP8L	AL442127.1	ALKBH2	AMH	ANAPC5	ANKRD13A	ARHGEF17	ATP13A1	ATP1A2	ATP1B2	ATP2B4	BAHCC1	BRD8	C17orf85	C1orf27	C1orf95	CADPS	CALCR	CCDC102B	CCDC130	CCDC178	CCDC68	CDC42EP2	CDH4	CDK8	CHD6	CHODL	CLCN5	CLK2	COA4	COL11A2	COL21A1	COL2A1	COL5A3	COLCA1	COX4I2	CSRNP2	CSRP2	CTC-339O9.1	CTC-575D19.1	CTD-2228K2.7	CTD-2297D10.2	CTD-2521M24.5	CTD-2545M3.8	DACT1	DDX55	DGCR8	DGKZ	DIO3OS	DIRAS1	DIS3L2	DMRT2	DNM3OS	DPY19L2	DUS3L	EDN3	EEF2	EGFLAM	EIF3G	ENO3	FBN3	FCHSD2	FMNL3	FMO1	FNBP4	FRMD3	GABPB1-AS1	GAS5	GOLGA8B	GTPBP3	GUCY1B3	GXYLT2	HES4	HEY1	HEY2	HEYL	HMGXB3	HNRNPA1	HNRNPH1	HNRNPU-AS1	HRC	IGDCC4	IGF2	ILF3	JAG1	KCNK2	KCNK9	KIAA0907	KIRREL2	KLHL14	KLHL41	KRBOX1	LENG8	LGR5	LRIG3	LRRC8D	LRRN3	MAN2A1	MAU2	MDM4	MEG3	MEST	MICAL1	MIR503HG	MUM1	MUSTN1	MYL6B	MYLPF	MYO19	MYOM2	MZF1	NADK2	NAP1L1	NAV1	NDUFV1	NEB	NES	NNAT	NOTCH3	NPHS1	NPPC	NPY	NRIP2	NSUN2	NTN5	OBSCN	ORAOV1	P2RY11	PALD1	PAN2	PAX7	PEG3	PGA3	PGA4	PGA5	PITX2	PLEKHG2	PLXNA2	PNN	POGK	POGZ	POLA2	POLG2	POU4F1	PPP1R12C	PPP6R3	PPWD1	PRKRIR	PSEN2	R3HDM2	RABGGTB	RAD9A	RAPSN	RBM5	RBMX	RDH5	RGS4	RIF1	RIMS4	RNF44	RNPC3	RP11-1055B8.4	RP11-116D17.3	RP11-1191J2.2	RP11-188P20.3	RP11-295P9.3	RP11-343H5.4	RP11-394O4.5	RP11-54O7.17	RP11-658F2.8	RP11-734K23.9	RP11-96L14.7	RP4-669L17.10	RP4-765C7.2	RPL6	RPS23	RPS3	SDHAP1	SEMA3G	SEMA6C	SETDB1	SFSWAP	SGCA	SH2B2	SLC22A3	SLC25A3	SNHG1	SNHG25	SNHG4	SNRK	SNX21	SRL	SRSF6	STAC3	SUV420H1	SUV420H2	TADA1	TAF6L	TCERG1	TDO2	TFCP2	THEM4	TMEM52	TNNC2	TNNI1	TNNI2	TNNT2	TNNT3	TPCN1	TRIM45	TRIO	TRMT1	UBR4	VPS13D	WDR27	WSCD1	ZAP70	ZIC1	ZNF266	ZNF276	ZNF333	ZNF496	ZNF561	ZNF587
TH34_1381_S01-pancancer	ACBD6	ACIN1	ADAMTS16	ADAR	ADCK4	ADCY2	ADCYAP1R1	ADGRA3	ADGRD1	ADRA2A	AHDC1	AIFM3	AKAP8L	ANGEL2	ANKZF1	APC2	APLN	APLNR	AQP4	ARHGEF11	ARL8A	ARMC3	ARNT	ATAT1	ATG4B	ATN1	ATP1A2	ATP1B2	ATP2B4	BAALC	BAIAP3	BCAN	BCL9	BOC	C10orf105	C1QTNF3	C1orf194	C1orf198	C1orf226	C1orf35	C1orf61	C3orf70	C5orf49	C9orf24	CADM3	CCDC114	CCDC130	CCDC181	CCDC37	CCDC40	CDC42EP4	CDH23	CERS1	CETN2	CFAP126	CFAP45	CHD1L	CHODL	CHTOP	CLASP2	CLK2	CNIH2	CNTN1	CNTN2	COG2	COL27A1	COL2A1	COL9A2	COPA	CORO2B	COX20	CPNE6	CPSF3L	CRB1	CRB2	CRTC2	CTD-2297D10.2	CTNND2	CYP4F12	DAW1	DCAF8	DCLK2	DEDD	DENND4B	DENND6B	DFNB31	DMWD	DNAH9	DNER	DOK5	DPYSL4	DPYSL5	DUSP12	ECM2	EFCAB1	EFCAB2	EFNB3	EGLN1	ELN	FAM179A	FAM189A2	FAM81B	FEZ1	FEZ2	FGFRL1	FHAD1	FLNC	FMN2	FOXJ1	GALNS	GALNT2	GALNT8	GAS8	GDF1	GDF10	GDI1	GDPD2	GEMIN8	GFAP	GGPS1	GNPAT	GOLGA8A	GOLGA8B	GON4L	GORASP1	GPM6A	GPM6B	GPR162	GPR37L1	GPR89A	GRAMD2	GRIA4	GSTM5	HAUS7	HDAC6	HEPACAM	HES6	HIF3A	HILPDA	HMGXB3	HNRNPU-AS1	HSD17B7	HSP90B1	IDUA	IFT140	IGSF1	IL17D	INTS3	IPO9	IQCG	ITGA7	ITPKB	JAM2	KAT2A	KCNJ10	KDM5B	KIAA0895L	KIAA0907	KIF1A	KIFAP3	KLHL12	LAMA1	LGR6	LINC00461	LINC00844	LINC01158	LINGO1	LIX1L	LLGL1	LMO3	LRRC4B	LRRC71	LRRN1	LRRN2	LSAMP	LZTR1	MAB21L2	MAP6	MAPK15	MAPK4	MAPRE3	MDM4	MEIS2	MIA3	MLC1	MLLT6	MMP17	MOK	MOXD1	MRPS14	MSH5	MSTO1	MSX1	MTA1	MTSS1L	NAV1	NBPF15	NCAM1	NCAN	NCSTN	NDUFS2	NEK11	NFASC	NIT1	NKAIN4	NLRP1	NME7	NNAT	NOS1AP	NR2F1	NRBP2	NSL1	NSMF	NUCKS1	NUP133	NVL	PAQR6	PAX3	PAX6	PDDC1	PDE4DIP	PDE8A	PDZD4	PDZK1	PEA15	PEX19	PFKFB4	PGAM2	PHC1	PHYHIPL	PHYKPL	PI4KAP2	PI4KB	PIAS3	PID1	PIGC	PIP5K1A	PLCD1	PLD2	PLEKHG5	PLXNA2	PLXNA3	PMF1	PNISR	PNPLA7	POGZ	POU3F3	PPFIA4	PPOX	PPP1R12B	PPP5C	PRCC	PRKRIR	PRPF3	PRRT2	PRUNE	PSD2	PTPRZ1	PYCR2	PYGM	RABL2A	RABL2B	RALGDS	RBM4B	RBM5	RCOR3	REEP2	RELN	RFX4	RGL1	RGS11	RHOBTB2	RIMKLB	RMST	RMST_10	RNF182	RNF2	ROBO3	RP11-1212A22.1	RP11-14N7.2	RP11-263K19.4	RP11-565P22.6	RP11-632C17__A.1	RP11-734K23.9	RP3-467D16.3	RSAD1	RSPO2	RSPO4	RTN1	S100B	SAP30BP	SCG2	SCRIB	SDC3	SEMA5B	SEMA6D	SEPT3	SETDB1	SFI1	SFXN5	SH3BP5L	SIN3B	SLC1A3	SLC22A3	SLC25A44	SLC38A3	SLC41A1	SLC41A3	SLC4A3	SLC6A11	SMG5	SMG7	SMOC1	SMYD3	SNAP47	SNAPIN	SOCS2	SOX2	SPA17	SPAG6	SPAG8	SPATA17	SPPL2B	SRGAP2	SRP9	SSBP3	ST8SIA1	STAC2	STARD3	STK11IP	STK36	STRADA	STX18	SUCO	SYNGAP1	SYT11	TADA1	TAF1C	TAGLN3	TARBP1	TARS2	TBC1D9B	TBCE	TCEAL2	TCTEX1D1	TGFB2	THBS3	THEM4	TIMM17A	TIPRL	TKTL1	TMCO1	TMEM108	TMEM161B-AS1	TMEM231	TMEM59L	TNFRSF25	TP53BP2	TPPP3	TPR	TSC22D4	TSNAX	TTC21A	TTLL3	TTLL4	TTYH1	UBAP2L	UBQLN4	UBXN11	UFC1	USF1	USP21	VANGL2	VEGFA	VIPR2	VPS45	VPS72	VWA3A	WDR11	WDR26	WDR27	WDR90	WNT11	XPR1	YY1AP1	ZBTB18	ZC3H11A	ZIC1	ZIC2	ZIC4	ZMYND10	ZNF423	ZNF496	ZNF672	ZNF687	ZNF692	ZSWIM8
TH34_1399_S01-pancancer	ABCA7	AC093323.3	AC093850.2	AC132217.4	ADGRB1	AKAP17A	AKAP8L	AL442127.1	AL603831.1	ALOX15	APOA1	ARTN	B3GALT6	BTNL9	C11orf95	C1orf159	C20orf166-AS1	CACNA2D2	CADM3	CALM1	CCDC93	CCL25	CEP95	CH507-513H4.1	CH507-528H12.1	CHD3	CHRD	CLDN11	CLDN6	CLSTN3	COL20A1	COL22A1	COL23A1	CTD-2007L18.5	CTD-2547H18.1	CTIF	DIO3	DMTF1	DPP6	DUS3L	ECEL1	EGFL6	ENTPD8	ESYT2	FAM132A	FAM43A	FAM91A1	FBN3	FENDRR	FTCD	GAL	GCA	GJB6	HMGB1P1	IGF1	IGF2	IGSF10	IL3RA	INTS6	IQCG	ITIH2	ITIH5	KCNT1	KCTD12	KDM3A	KLK6	KREMEN2	LEF1	LENG8	LINC00342	LINC00461	LIPG	LOXL3	LSS	LY6H	MEG3	MIR503HG	MOB2	NEDD4L	NELFB	NRTN	NSMF	NTNG2	OGT	ONECUT3	P4HA1	PCNX	PDZD4	PHYKPL	PLB1	PLD2	PLK5	PPP6R3	PRR22	PTAR1	PTPRQ	RASGRF2	RBFOX3	RP1-172N19.5	RP11-20I20.4	RP11-394O4.5	RP11-488L18.4	RP11-496I9.1	RP11-734K23.9	RP11-89K21.1	RPRD1B	SCG2	SERPINB9	SHOX2	SLC19A1	SLC26A6	SLITRK2	SMC5	SMURF2	SPACA6P	SPATC1L	ST6GALNAC5	TAGLN3	TCP11L2	THOC1	TMEM2	TMEM63C	TNNT3	TNXB	TOR4A	TRIM67	TUBB8P12	TUBBP5	WISP1	WSB1	WSCD2	ZFC3H1	ZFYVE16	ZNF189
TH34_1400_S01-pancancer	AC022007.5	ACACB	ACO1	ACSL1	ACSS2	ADAM33	ADCY4	ADCY6	ADH1B	ADH1C	ADIPOQ	ADRA2A	AGPAT2	AIFM2	AOC3	AQP7	ATP1A2	BHMT2	BTNL9	C14orf180	C6	CA3	CA4	CALB2	CAT	CCDC69	CD300LG	CD36	CDKN2C	CDO1	CEBPA	CFD	CHRDL1	CIDEA	CIDEC	CILP	CLEC3B	CNTFR	CSAD	CTIF	CXorf36	DGAT2	EBF1	ECM2	ELMOD3	FABP4	FAM47E-STBD1	FMO2	G0S2	GHR	GLYAT	GPAM	GPD1	GPR146	GPT	GSN	GYG2	HADH	HCAR2	HMGN2P15	HOOK2	HRASLS5	HSPB2-C11orf52	HSPB7	ITGA7	ITGB1BP1	KCNIP2	LEP	LGALS12	LGI4	LINC01140	LINC01485	LIPE	LPL	LVRN	LYVE1	MEOX2	MLXIPL	MMD	MRAP	MUSTN1	MYOC	MYZAP	NPR1	PALMD	PCK1	PCOLCE2	PDE1B	PDE2A	PLAC9	PLIN1	PLIN4	PLIN5	PNPLA2	PPP1R1A	PPP2R1B	PRKAR2B	PRRT4	PTGER3	RAPGEF3	RBP4	RDH5	RETSAT	RNA5SP216	RP1-28O10.1	RP11-162P23.2	RP11-394O4.5	S100B	SCARA5	SCRN2	SEMA3G	SGCG	SHANK3	SIK2	SLC19A3	SLC2A4	SLC7A10	SNX21	TF	THRSP	TIMP4	TMEM132C	TNNT3	TNS1	TNXB	TRHDE-AS1	TUSC5	UGP2	WISP2
TH34_1412_S01-pancancer	ABCA5	AC005256.1	AC093323.3	AC104809.4	AC138035.2	AC159540.1	ACCS	ADAMTS17	ADAMTSL5	ADARB1	ADGRB1	ADGRD1	ADGRF5	ADGRG2	ADIRF-AS1	AES	AFG3L1P	AKAP17A	AKAP8L	AL603831.1	ALOX15	ALS2	AP000275.65	AP2A2	APOA1	APPL1	ARHGAP10	ARHGAP35	ARL8A	ARTN	ASNSD1	ATF7	ATP2B2	ATXN2	ATXN3	B3GAT1	B3GNT6	B4GALT7	BAIAP3	BCL7B	BRD8	BTNL9	C11orf30	C11orf57	C11orf84	C11orf95	C16orf89	C1QTNF7	C1orf159	C20orf166-AS1	C5orf24	C5orf30	CACNA1C	CACNA2D1	CACNA2D2	CADM1	CALM1	CAMK2A	CAMK2B	CBLN1	CCDC3	CCDC40	CCDC68	CCK	CCL25	CCNK	CCNT2	CCZ1B	CDH4	CDK8	CELSR3	CEP95	CH507-254M2.1	CH507-513H4.1	CH507-528H12.1	CHD2	CHD3	CHD8	CHRNA4	CITED1	CIZ1	CLK3	CLK4	CLPTM1L	CLSTN3	CNOT3	CNTROB	COL13A1	COL20A1	COL22A1	COL23A1	CPLX1	CPSF7	CRTC1	CRTC2	CRTC3	CTD-2007L18.5	CTD-2547H18.1	CTD-3193O13.11	CTNNA1	CTTNBP2NL	CWC27	CXXC4	CYTH3	DBN1	DCAF5	DDX5	DIS3L2	DLX1	DMPK	DOK1	DPCD	DPF1	DPP6	DROSHA	EBF2	ECEL1	EHMT1	EIF2B1	EIF4G2	ELK1	EMC6	EPM2AIP1	ERBB2IP	ESYT2	FAM103A2P	FAM111A	FAM124A	FAM132A	FAM133B	FAM153A	FAM153B	FAM189A1	FAM193B	FAM76B	FBXO38	FCHO2	FENDRR	FNBP4	FOXA2	FOXC2	FOXF1	FOXJ3	FOXL1	FRG1	FTCD	FUBP1	GAL	GJB6	GNB3	GP1BB	GRK5	GSE1	GTF2IP1	GUSBP3	HEXIM1	HGFAC	HMGB1P1	HNRNPH1	HNRNPH3	HNRNPR	HSPA9	HUWE1	IGF2	IGSF10	IL2RB	INTS6	IQCG	IQSEC2	IRX4	ISM1	ITIH2	ITIH5	ITSN1	KCNT1	KCTD12	KDM6B	KDR	KIAA0355	KIAA0368	KIAA0907	KIAA1191	KIF26B	KLHL23	KLHL25	KLK6	KREMEN2	KRT10	KXD1	LENG8	LINC00165	LINC00261	LINC01001	LINC01002	LINC01420	LINC01436	LL22NC03-N95F10.1	LLNLF-176F2.1	LOXL3	LRRC55	LSS	LUC7L3	LY6H	MAML1	MAPK3	MATR3	MBD4	MDC1	MEF2A	MERTK	MILR1	MIR503HG	MLLT10	MLLT4	MLLT6	MLXIP	MNT	MOB2	MTERF4	MUC2	MUC6	MUM1	MYH10	MYO16	NCOA2	NEDD1	NEDD4L	NELFB	NFE2L1	NGB	NKX2-5	NMT1	NOMO1	NREP	NRXN1	NSMF	NTNG2	NTRK3	NUFIP2	NYNRIN	ONECUT3	PABPC1L2B-AS1	PABPN1	PANK1	PAPD7	PAX6	PCBP3	PCDHB14	PCDHB2	PCDHB5	PCGF2	PCNX	PDE8B	PDK2	PDS5B	PDZD4	PIAS1	PLB1	PLCH2	PLK5	PLXNA4	PNN	POLG2	POMT2	PPAPDC2	PPIP5K2	PPP1R10	PPP2R2A	PPP6R3	PPWD1	PRG4	PRICKLE4	PRPF39	PRR14	PSIP1	PTP4A3	PTPRQ	R3HDM2	RAB7A	RAB8B	RAD17	RAP1GAP2	RASGRF2	RBFOX3	RBM12	RBM25	RBM33	RBM38	RBM5	REXO1	RFC1	RGS12	RIC8B	RIMS4	RNF212	RNPC3	RP1-172N19.5	RP11-1277A3.2	RP11-158M2.3	RP11-242D8.3	RP11-394O4.5	RP11-417N10.4	RP11-478C6.4	RP11-497H16.5	RP11-554I8.1	RP11-61A14.1	RP11-69E11.4	RP11-844P9.2	RP4-613B23.5	RP4-669L17.8	RPL29P11	RPS6KB1	RSRC1	RSRC2	RTP5	SAMD14	SCAMP1	SDC3	SEMA6C	SENP2	SERPINB9	SFSWAP	SGCA	SHOX2	SIMC1	SLC19A1	SLC22A23	SLC24A3	SLC25A27	SLC26A6	SLC6A13	SLC8A2	SLITRK2	SLTM	SMN1	SMN2	SMOC1	SMURF2	SNAP29	SNAPC2	SNED1	SNORA22	SNRNP70	SNRPGP10	SOS1	SOX21	SPATC1L	SREK1	SRRM1	SRSF5	SSTR3	ST3GAL3	ST5	ST6GALNAC5	SUGP2	SUMO1	SUPT20H	SYNJ1	TCP11L2	TGFBR3L	TGIF2	TH	TLE2	TMCO6	TMEM2	TMEM63C	TNNT3	TOR4A	TP53BP2	TRIM33	TRIM67	TRIO	TRPM2	TTC13	TTC8	TUBB8P12	TUBBP5	TUSC1	TYRO3	U2SURP	UBAP2	UBE2E2	UNC5A	UNC5B-AS1	UQCR10	USP40	UTRN	VAV2	VIPAS39	WDR11	WDR60	WIPF2	WIZ	WSB1	XKR8	XXbac-BPG252P9.9	ZDHHC22	ZFR	ZFYVE16	ZNF189	ZNF292	ZNF579	ZNF641	ZNF644	ZNF815P
TH34_1414_S01-pancancer	AC027612.6	AC066694.1	AC132217.4	ACTC1	ADRA2C	AFG3L1P	AL442127.1	ALK	ANKRD52	ANKRD6	ANKS1A	ARHGAP26	ARHGEF25	ARHGEF7	B3GAT1	BLCAP	BRSK2	C1orf105	C20orf166-AS1	CACNA2D2	CAPN6	CBLN1	CCER2	CDH15	CDK4	CELA2B	CHGA	CHRD	CHRNA1	CHRND	CHRNG	CHST8	CILP	CLASP2	CLCN5	CNPY2	CNR1	COQ10A	CPA4	CPA5	CRMP1	CS	CSAG1	CSAG3	CTAG1A	CTAG1B	CTAG2	CTD-2314G24.2	CTD-2545M3.8	CTIF	DCTN2	DCX	DLGAP1-AS1	DLGAP1-AS2	DLK1	DMPK	DMRT2	DOK7	DRGX	DTX3	DUSP26	EDC4	EDN3	ENO3	EPHA8	EXOC3L1	FAM118A	FAM95C	FBN3	FBXO10	FGFR4	FITM1	FLNC	FNDC5	FRMPD1	FSD1	GNAO1	GPR173	GRIN1	GRM2	HDAC6	HES6	HMCN2	HRH3	HSPB2-C11orf52	IGF2	IGHV6-1	INA	INPPL1	ISL1	KANK4	KCND3	KIAA0408	KIAA0556	KIAA0895L	KIAA1614	KIF19	KLHL29	L1CAM	LA16c-312E8.4	LENG8	LINC00545	LINC01082	LPAR2	MAMSTR	MAP6	MARCH9	MAST2	MBD6	MEDAG	MEG3	MEGF10	MEOX1	MEST	METTL1	METTL21B	MICAL1	MIR503HG	MSH5	MXD3	MYBPHL	MYCN	MYL4	MYL6	MYL6B	MYO18A	MYO18B	MYO7B	MYOD1	MYOG	NABP2	NBPF1	NCOA1	NELL1	NEU4	NHLH1	NKAIN1	NOS1	NPIPA1	NPIPA3	NPIPA5	NPIPP1	OLIG1	OTX2	PACS2	PAN2	PBX4	PCBP4	PDZD4	PEG3	PI4KAP1	PI4KAP2	PIPOX	PITPNM3	PITX2	PKD1	PKD1P6	PLXDC1	POPDC3	PPFIA4	PRCD	PRDM12	PRL	PTPRD	RAP1GAP2	RAPSN	RGR	RNF41	RP1-302G2.5	RP11-1212A22.4	RP11-12M5.3	RP11-14N7.2	RP11-161M6.2	RP11-299L17.3	RP11-379B18.5	RP11-478C6.4	RP11-575L7.8	RP11-632C17__A.1	RP11-958N24.1	RP11-977G19.5	RPS6KL1	RYR1	SAMD4A	SEZ6	SGCA	SGK494	SH2D5	SHD	SIRT2	SLC25A29	SLC26A10	SLC6A1	SLC6A3	SLX1A-SULT1A3	SMARCC2	SMPX	SNAI1	SNAP25	SNHG25	SNRPGP10	SOX8	SPSB4	SRPK3	SRRM4	STAC3	STAT2	STK25	STMN2	TAGLN3	TEX14	TFAP2B	TMEM120B	TMEM63C	TMEM8C	TNNI1	TNNT2	TNNT3	TRAPPC12	TSC22D2	TSFM	TTN-AS1	TUBGCP3	VASH2	WSCD1	ZDHHC22
TH34_1415_S01-pancancer	ABCC8	ADGRB1	AGER	C5orf46	CBLN2	CLEC11A	COL9A1	COLEC11	CRH	CROCC	CTB-134H23.3	CTD-3214H19.16	DIO3	DIO3OS	DLK1	DLL4	EME2	FLRT2	FLT4	GK	HBG2	HMOX1	HP	ICOSLG	IL6	LA16c-361A3.3	LINC01393	MAPK8IP3	MARCO	MEG3	MMP23B	MYBPC2	NAPSA	NPTX2	PCDH18	PDE8B	PEAR1	PLXDC1	POLE	PTGIR	PTX3	RP11-323N12.5	RP11-343H5.4	RP11-82L18.2	RP4-765C7.2	SCARA5	SCGB1A1	SCGB3A2	SFTA2	SFTPA1	SFTPA2	SFTPB	SFTPC	SFTPD	SHISA3	SLC1A6	SNHG25	STAB1	STXBP5-AS1	SULT1E1	SYCE1L	TIMP1	TRH	UACA	VGF
TH34_1444_S01-pancancer	AAK1	ABI3BP	AC093838.4	AC138035.2	ACAD8	ACSF3	ADCY9	ADGRF5	AFAP1L2	AFF1	AHDC1	AKT2	AL157871.2	AL442127.1	ALAS1	AREL1	ARHGAP22	ARHGEF10	ARHGEF9	ARID3A	ASAP2	ATG4B	ATXN2	BCL9	BMF	BRD2	BRPF3	BTNL9	C16orf89	CABIN1	CCDC93	CD22	CDC27	CHD2	CITED2	CLK3	CNNM4	CNOT3	CNTD2	CNTFR	COL9A3	COQ4	CORO6	CPSF7	CREB1	CRTC2	CST6	CTC-435M10.3	CTSB	CWH43	DDX17	DDX5	DICER1	DIO2	DLG5	DPH1	DRAP1	DUOX1	DUOX2	DUOXA1	DUOXA2	EBF4	EHMT1	EIF2B2	EIF4ENIF1	EIF4G2	EMID1	ENTHD2	EPOR	FAM133B	FAM167A	FAM189A2	FAM193B	FAM49A	FAM63A	FAR2P1	FBF1	FBRS	FCGBP	FKBP1A	FNBP4	FOXE1	FOXP4	FRMD3	FUBP3	GGA2	GOLGA8A	GOLGA8B	GOLGA8M	GOLGA8N	GOLGA8O	GOLGA8Q	GOLGA8R	GSE1	HAAO	HECTD4	HHEX	HIF3A	HIRA	HMGA2	HP1BP3	HTT	IER2	IFFO2	IGDCC3	IKZF4	IL22RA1	INPP5J	INPPL1	IP6K2	IPO13	IRS1	ITFG2	IYD	JAZF1	KCNAB1	KCNJ16	KCNK3	KIAA1191	KIT	KLHDC4	KMT2C	KRT78	KSR1	LARP1	LCN12	LDB1	LENG8	LINC00982	LINC01001	LINC01002	LIPG	LPCAT2	LRCH4	LRP5L	LTBP3	MAG	MAML1	MAP3K1	MAPK1IP1L	MAPKBP1	MARK3	MBD6	MBIP	MED25	MESDC2	MIER2	MKNK2	MLXIP	MROH1	MRPL40	MT1F	MT1H	MTCH1	MTMR3	MUC15	MYL4	NFYC	NID2	NKX2-1	NMT1	NONO	NT5C2	NUFIP2	NUMB	NYNRIN	OGFOD3	OGG1	OSBP2	OTOS	PABPN1	PAX8	PBX2	PDCD4	PDE8B	PHF23	PI4KAP2	PIAS1	PIAS4	PIGL	PKNOX1	PKNOX2	PLA2G6	PLEKHH1	PPAP2B	PPIL2	PPP1R10	PPP1R13B	PPP1R37	PPP6R3	PRUNE	PTBP1	PTOV1-AS2	PXK	PYY2	RAB11B	RAPGEF3	RBM12	RBM5	RCOR3	RERE	RGAG4	RNPC3	RP11-1000B6.3	RP11-1212A22.4	RP11-206L10.1	RP11-274B21.2	RP11-295P9.3	RP11-513G11.4	RP11-589N15.2	RP11-632K20.8	RP11-65I12.1	RP11-680F20.12	RP11-793H13.8	RP4-555D20.1	RP4-669L17.10	RP4-669L17.8	RSPRY1	RTN4RL2	SCGB1A1	SCUBE3	SCX	SEMA3D	SF1	SF3A1	SFSWAP	SFTA3	SGIP1	SH2B1	SH3D21	SH3GLB2	SIGLEC7	SLC12A6	SLC16A11	SLC20A2	SLC25A29	SLC25A42	SLC26A4	SLC26A4-AS1	SLC26A7	SLC35D2	SLC4A5	SMAD3	SMIM1	SMPD4	SNRNP70	SORBS2	SOS1	SPEN	SS18	ST6GAL2	STAG3L5P-PVRIG2P-PILRB	STK25	SYTL3	TBC1D10C	TBC1D4	TCERG1L	TCF7L2	TEX2	TG	TIE1	TLE6	TMEM108	TMEM180	TMEM245	TNRC6A	TOM1L2	TPO	TRIM33	TRPC6	TSC2	TSHR	TTC17	TTYH2	UBALD1	UPF3A	VEGFC	WASH6P	WASH7P	WDR11	WDR59	XXbac-BPG252P9.9	ZBED5	ZC3H14	ZC3H3	ZDHHC18	ZMIZ2	ZNF219	ZNF362	ZNF444	ZNF76	ZSWIM8
TH34_1445_S02-pancancer	AC005154.6	ACAN	ACAP3	ADGRB1	AGAP1	AL603831.1	AP1S2	AP3B2	APC2	ARHGAP21	ARL8A	ASNSD1	ATAT1	ATP1A2	ATP1B2	ATXN2	B3GAT1	BAALC	BCAN	BRINP3	BRSK1	C1QL1	C1orf61	CA10	CACNG5	CACNG7	CADM3	CADPS	CAPN5	CBX4	CCDC82	CDH19	CDK18	CELF3	CERS1	CFAP20	CHAD	CHD2	CHL1	CITED1	CIZ1	CLASP2	CMTM5	CNDP1	CNIH2	CNP	CNR1	COL13A1	COL20A1	COL9A1	COL9A3	CORO2B	CRMP1	CRTC2	CSPG5	CTNND2	DCLK2	DDX5	DLG4	DMWD	DNER	DPP6	DPYSL4	DPYSL5	EGR2	ELAVL3	ELMOD1	EPN2	ERBB2IP	ERF	EXOC7	FABP7	FAM104A	FAM107A	FAM133B	FAM95B1	FCRLA	FEZ1	FIP1L1	FNBP4	FXYD7	GABBR1	GAD1	GAP43	GDI1	GFAP	GNAO1	GNG7	GON4L	GP1BB	GPM6A	GPM6B	GRB2	GRIA2	GRIK3	HBA1	HBA2	HEY2	HNRNPDL	IGF2	IGSF21	IGSF9B	ING1	INPP5F	KCNJ10	KCNQ2	KCTD13	KIAA0895L	KIAA0907	KIF5C	KLHDC8A	KXD1	LENG8	LGI4	LMO1	LRRC4B	LUC7L3	MAGEC2	MAP4K5	MAPK4	MARK3	MBP	MEG3	MIAT	MIR4697HG	MT3	MTMR4	MTSS1L	NACAD	NCAM1	NCAN	NEU4	NKAIN4	NLGN2	NLGN3	NLGN4X	NMT1	NOVA1	NRXN2	NTRK3	NUPL2	NXPH1	OLIG1	OLIG2	OSGEP	PAQR6	PDZD4	PEA15	PLP1	PMP2	POU3F3	PPP1R9B	PRKAR1A	PRKCA	PSD	PSRC1	PTPRD	PTPRZ1	RAB7A	RAB8B	RELA	RGS4	RIC3	RP11-1212A22.4	RP11-159D12.5	RP11-161M6.2	RP11-35N6.1	RP11-618K13.2	RPS6KB1	RSRC2	RTN1	RUNDC3A	S100B	SAMD14	SAP30BP	SATB1	SCG2	SCG3	SCHIP1	SDC3	SDK2	SENP2	SETD5	SEZ6L	SFSWAP	SHD	SHISA9	SLAIN1	SLC11A1	SLC1A3	SLC35F1	SLC6A1	SLTM	SNRNP70	SNRPGP10	SOX10	SOX2	SOX2-OT	SOX8	SPOCD1	SPRED3	STMN2	STMN4	STRADA	SYP	SYT11	TCEAL2	TCEAL5	TCEAL7	TESK1	TF	THEM4	TMEM132B	TMEM145	TMEM206	TMEM59L	TNR	TRA2A	TRIM9	TRIO	TRPM8	TTYH1	VAT1L	VGF	WBP2	WEE1	WSB1	WSCD1	ZCCHC24	ZEB1	ZNF337	ZNF436
TH34_1446_S01-pancancer	ADGRB1	AL442127.1	ANKS1B	AQP7P1	BAALC	BCAN	C1QL1	C1orf61	C2orf82	CC2D1A	CMTM5	CNIH3	CNTNAP3B	COL13A1	COL20A1	COL22A1	COL28A1	COL9A1	COL9A3	CSPG4	DCLK2	DUX4L50	EPHA3	EXTL1	FABP7	FAM95B1	FCRLA	FXYD7	GAD1	GAP43	GDNF	GFAP	GPM6A	GPM6B	HAPLN2	ITGB3	KCNF1	KCNJ10	KLHDC8A	LGI4	LHX2	MIA	MICALL2	MRPS6	MT-ATP6	MT-CYB	MT3	MTATP6P1	NKX2-2	NLGN3	NTRK3	OLIG1	OLIG2	PDZD4	PIPOX	PLP1	PMP2	PODNL1	PPP2R2B	RP11-156L14.1	RP11-161M6.2	RP11-323N12.5	RP11-380M21.2	RP11-3L21.2	RP5-857K21.11	RP5-857K21.7	S100B	SCG3	SCRG1	SERPINB2	SLCO4A1-AS1	SNX1	SNX22	SOD3	SOX10	SOX2-OT	SOX8	SPOCD1	ST8SIA5	TAGLN3	TF	TMEM59L	TRIO	TRPM8	TTYH1	UCN2	VAT1L	VGF
TH34_1447_S01-pancancer	ABCF1	ABCF2	AC005154.6	ACIN1	ACOT13	ACP1	ADORA3	AGBL5	AL603831.1	ALDH1A2	APEX1	ATG4B	ATPAF2	BCLAF1	BOD1	BRAT1	BRD9	C1orf35	CABYR	CAD	CBWD1	CBWD2	CBWD7	CCT6A	CD163L1	CDK11A	CDK11B	CENPV	CFH	CHD1L	CHD8	CHMP4A	CNOT3	CNTFR	COA1	COL2A1	COMMD9	COPS3	COPS7B	CPSF3	CXorf56	CYCS	DACT1	DDX1	DDX10	DDX19A	DFFA	DHX16	DNAJC11	DNAJC2	DNMT3A	DRG2	DUSP12	ECHDC1	EDC4	EEF1E1	EIF3B	ELFN1-AS1	EME1	ERVK3-1	FAM136A	FAM192A	FIP1L1	FOXC1	FTSJ2	GARS	GEMIN2	GET4	GFAP	GPC3	GTF2H4	GTF3C2	HARS2	HBS1L	HDAC3	HMGA2	HMGN3	HNRNPA2B1	HNRNPC	HOXA-AS2	ID2	ID2-AS1	ILF2	IMP4	INO80E	INPP5F	IPO4	KDM1A	KIAA0586	KLHL7	KRI1	LRCH4	LSM5	LTV1	MAGEA9B	MALSU1	MBP	MDC1	MEG3	MEIS1	MEIS2	METTL17	MIR503HG	MRPL32	MRPS5	MRPS9	MSH5	MYCN	NASP	NCL	NEDD8	NELFE	NGDN	NIF3L1	NIFK	NKIRAS2	NOL10	NOL7	NOL8	NONO	NRBP1	NTS	OSGEP	PAAF1	PABPN1	PAK1IP1	PARP2	PBX2	PCDH18	PCDHB5	PEG3	PIP5K1A	PLP1	PNN	POLR3D	PPIA	PPIL1	PPM1G	PPP6R1	PRMT5	PRPF3	PRPF31	PRPSAP2	PSMB5	PSMC1	PSMD4	PTH1R	RARS	RARS2	RBM28	RBM8A	RHNO1	RNASEH1	RNF25	RP11-632C17__A.1	RP4-765C7.2	RP9	RPF2	RPL26L1	RRP36	SAFB	SAMD11	SAP25	SCNM1	SEMA3A	SEPT7	SETDB1	SF3A3	SF3B3	SF3B5	SF3B6	SLC11A1	SLC4A1AP	SLIT2	SMARCE1	SNHG15	SNRNP200	SNRPC	SNRPD1	SNRPGP10	SPDL1	SRP54	SSB	SSBP1	STX4	SUPT16H	SUPT7L	TAF11	TARS2	TCOF1	TF	TIMM44	TIMM9	TMEM18	TMSB15A	TOP3A	TRA2A	TRAPPC2B	U2AF2	UBE2M	UPF3B	UTP11L	VPS45	VPS72	WDR46	WT1	YAE1D1	YKT6	ZC3H18	ZNF274	ZNF544	ZNF787	ZPR1	ZSWIM7
TH34_1447_S02-pancancer	ABCF1	AC074289.1	AC132217.4	ACIN1	ACP1	ADCY4	ADGRG3	ALDH1A2	AMPD2	ATG16L2	ATG2A	ATG4B	BCL2A1	BOD1	BRD9	BRMS1	BTN2A1	C1orf35	C5AR1	CBWD7	CCDC86	CD163L1	CD300A	CDC37	CDK11A	CDK11B	CENPT	CEP164	CHD8	CNOT3	CNTFR	COMMD9	COPS3	CPSF3	CSF3R	CWC25	CYCS	DACT1	DBNL	DDIT3	DDX41	DHX16	DHX34	DHX38	DNAJC11	DNMT3A	DRG2	EDC4	EIF3B	EIF3G	ELFN1-AS1	ERVK3-1	FAM192A	FAM50A	FBRS	FBXL12	FCGR3B	FGR	FHL3	FIP1L1	FLCN	FLOT1	FOXRED1	FPR1	FTSJ2	G0S2	GARS	GET4	GIGYF1	GNPDA1	GTF2H4	HARS2	HCAR2	HCAR3	HDAC3	HMGN3	HMGXB3	HMOX1	HOXA-AS2	HOXA3	HOXA4	HSPA6	ID2	ID2-AS1	IFRD1	IGF2	IL11	IMP4	INPP5F	INPPL1	ITFG2	ITGAX	IVNS1ABP	KLHL7	KRI1	LAMC3	LCP2	LENG8	LILRB3	LINC01272	LRCH4	LRWD1	LTV1	MAGEA9B	MALSU1	MAP4K2	MCOLN1	MEG3	MEIS1	MEIS2	METTL17	METTL22	MIA3	MIR503HG	MRPL32	MRPS5	MRPS9	MSH5	MXD1	MYO1F	NADK	NECAP1	NEDD8	NELFE	NGDN	NKIRAS2	NOL10	NOL7	NONO	NRBP1	OSGEP	OTUD5	PABPN1	PARP2	PBX2	PCDHB5	PHACTR1	PIP5K1A	PNN	POLR3D	POPDC3	PPP1R12C	PPP6R1	PRKRIP1	PRMT5	PRPF3	PRPF31	PSMC1	PSMD4	RARS2	RBM28	RBM8A	RCAN2	RNASEH1	RNF166	RNF25	RNF31	RP11-323N12.5	RP11-343H5.4	RP11-632C17__A.1	RP4-765C7.2	RP9	RRP36	SAMD11	SAP25	SCNM1	SEPT7	SF3A3	SF3B5	SF3B6	SKIV2L	SLC11A1	SLC25A37	SLC2A3	SMARCE1	SNHG15	SNRPGP10	SRP54	SS18	SSBP1	STARD3	STK10	STK19	STK36	STX4	SUPT6H	SUPT7L	TAF1C	TARS2	TCOF1	TFPT	TIMM44	TIMM9	TMEM18	TOP3A	TRA2A	TRAPPC2B	TREM1	TTC1	TYK2	U2AF2	UBE2M	UPF3B	WDR46	WDR74	YAE1D1	YKT6	ZC3H18	ZDHHC11	ZFAND2A	ZMIZ2	ZNF274	ZNF362	ZNF544	ZNF579	ZNF580	ZPR1
TH34_1452_S01-pancancer	AASS	ABCA2	ABCD4	AC005154.6	ACAD11	ACIN1	ACSF3	ADAM33	ADAMTSL2	ADAMTSL4	ADCK4	ADCYAP1R1	ADGRB1	ADGRG2	ADGRL2	AFG3L1P	AL603831.1	ALDH5A1	ANGPTL6	ANK2	ANKFY1	ANKRD11	ANKRD13B	ANO8	APC2	AQP4	ARHGAP21	ARHGAP35	ARL8A	ASCL1	ASNSD1	ASPSCR1	ATAT1	ATG4B	ATN1	ATP1A2	ATP1B2	ATP2B2	ATXN2	AXIN2	BBIP1	BBS2	BCAN	BCL9L	BCLAF1	BEGAIN	BMPER	BOP1	BRF1	BRINP2	BRSK1	BRSK2	C11orf57	C11orf95	C17orf85	C1orf194	C1orf61	C2orf72	C3orf70	C5orf49	C7orf55-LUC7L2	C9orf117	CACNA1H	CACNA1I	CACNA2D2	CACNB1	CADM3	CASC3	CASKIN2	CBWD3	CBX4	CBX8	CCDC114	CCDC13	CCDC136	CCDC24	CCDC37	CCDC40	CCDC74B	CCDC84	CDH22	CDK2AP1	CDK5R1	CDKAL1	CELSR3	CERK	CERS1	CFAP126	CFAP20	CFAP43	CFAP44	CHD2	CHD5	CHERP	CHRNA4	CIR1	CIZ1	CLASP2	CLIP3	CNIH2	CNOT2	CNOT3	COL9A3	CORO2B	CPSF3L	CPSF7	CRLF1	CROCC	CRTC1	CRTC2	CSNK1G2	CSPG5	CTD-2537I9.12	CTD-2545G14.4	CTD-2587H19.2	CTNNA2	CTNND2	CYP27C1	DCAF8	DCLK2	DDX5	DENND6B	DGCR8	DHX38	DIO2	DLG4	DLX1	DMPK	DMTF1	DMWD	DNER	DNM1L	DOC2B	DPEP1	DPP6	DPP9	DPYSL4	DTX1	DYRK1B	ECEL1	EFCAB1	EFCAB2	ELAVL3	ELL3	ELN	EMC6	EPHB2	ERBB2IP	EWSR1	EXOC7	EXOSC10	FABP7	FAIM2	FAM118A	FAM131A	FAM133B	FAM167A	FAM171B	FAM189A1	FAM193A	FAM19A5	FAM21A	FAM53B	FBP2	FBRS	FBXO31	FBXW7	FEZ1	FGFBP3	FGFR3	FGFRL1	FMNL3	FN3K	FOXG1	FOXJ1	FRZB	FUBP3	FXR2	GABBR1	GALNT9	GAREML	GAS8	GATS	GDI1	GFAP	GIGYF1	GIT1	GLCCI1	GNAO1	GNG3	GOLGA2	GP1BB	GPATCH8	GPM6A	GPM6B	GPR153	GPR37L1	GPSM1	GRB10	GRIPAP1	GSE1	GTF2IRD2B	GUCY1B2	HAUS7	HDAC4	HDAC6	HDHD2	HEPACAM	HEPN1	HES4	HES6	HEY1	HIPK1	HMGN3	HNRNPDL	HNRNPH3	HNRNPR	HNRNPUL1	HP1BP3	HYDIN	ICA1L	IDH3G	IDUA	IFT140	IFT80	IGF2	IL17D	ILF3	INPP5A	INTS1	IQCE	IQCG	IQSEC1	ITPK1	ITPKB	JPH4	KCNG1	KCNK3	KCNQ2	KIAA0195	KIAA0895L	KIAA0907	KIF1A	KIF26B	KMT2D	KNDC1	KXD1	L1CAM	LARP7	LDB2	LENG8	LHX2	LINC01278	LMO1	LMX1B	LPCAT1	LRRC37B	LRRC48	LSAMP	LSS	LTBP3	LUC7L3	LY6H	MAMDC4	MAMLD1	MAP6	MAPK1IP1L	MAPK4	MAPK8IP1	MARCKS	MAU2	MBD6	MDC1	MEG3	MEGF6	MFF	MICAL3	MLC1	MLLT1	MOK	MORF4L1	MSH5	MSI1	MT3	MTA1	MTERF4	MTSS1L	MUTYH	MYO3A	MYO7A	MZF1	NAA40	NCAM1	NCAN	NCOR2	NDRG2	NDRG4	NEK11	NES	NFIX	NLGN2	NMT1	NOL4L	NONO	NOTCH1	NOTUM	NPIPA5	NPIPB3	NPIPB5	NPIPP1	NR2C1	NRXN1	NSMF	NSRP1	NTM	NTN1	NYAP1	ODF2	OSBPL2	OSGEP	P2RX5	PABPN1	PAGR1	PAQR6	PAX6	PAXBP1	PCBP1-AS1	PCP4L1	PCYT1B	PDZD4	PEA15	PFKL	PHACTR1	PHC1	PHYHIPL	PI4KAP2	PIANP	PIK3R2	PIP4K2B	PITPNC1	PJA1	PKD1	PLA2G6	PLCH2	PLD2	PLEKHG5	PMP2	PNMA1	PNMA3	PNN	POU3F3	PPIL6	PPP1R10	PPP1R9B	PPP2R3B	PPP5C	PRKACA	PRRT2	PRSS35	PSD2	PSIP1	PTBP2	PTCHD2	PTP4A3	PTPRA	PTPRS	PTPRZ1	PXYLP1	QKI	RAB5A	RAB7A	RABL2A	RABL2B	RAP1GAP	RBM12	RBM23	RBM26	RBM33	RBM5	RBM6	RCOR2	RCOR3	RELA	REXO1	RFX2	RFX4	RGL2	RIMKLB	RMST	RNF103	RNPC3	ROBO2	ROBO4	ROGDI	RP11-1212A22.4	RP11-1246C19.1	RP11-158M2.3	RP11-161M6.2	RP11-223I10.1	RP11-242D8.3	RP11-263K19.4	RP11-274B21.2	RP11-295P9.3	RP11-575L7.8	RP11-611O2.3	RP11-616M22.12	RP11-618K13.2	RP11-849I19.1	RP13-766D20.4	RP13-870H17.3	RP3-525N10.2	RP4-613B23.5	RP5-857K21.6	RPGR	RSPH1	RSRC2	RUNDC3A	RXRA	RYK	SAFB	SAFB2	SALL3	SAMD14	SART3	SCRN1	SENP2	SEPT9	SEZ6L	SF1	SFSWAP	SFXN5	SH3BP2	SLC1A3	SLC35F1	SLC38A3	SLC4A3	SLC6A1	SLC6A11	SLIT1	SLITRK2	SLTM	SNAP29	SNCAIP	SNN	SNORA22	SNRNP70	SNRPGP10	SOS1	SOX2	SOX2-OT	SOX8	SP2	SPA17	SPECC1L	SPEN	SRGAP3	SRPK3	SRRM1	SRRT	SRSF11	SRSF4	SRSF5	SSBP3	ST8SIA2	STIM2	STRADA	SUGP1	SULT1C4	SUPT5H	SUPT7L	SYNGAP1	SYT11	TAF1C	TBX1	TCEAL2	TCEAL5	TCF7L2	TESK1	TFDP2	TGIF2	TLE3	TLX1	TMEM131	TMEM231	TMEM59L	TMEM67	TMTC2	TMTC4	TNFRSF25	TNK2	TNPO2	TNRC6A	TP53BP2	TP73	TPSG1	TRIM33	TRIM9	TRMT2A	TSC2	TSNARE1	TSPAN33	TTLL10	TTLL3	TTYH1	UBA3	UBAP2L	UBXN11	UNC119	USP40	USP5	VASH1	VAV2	VPS52	VPS9D1	VWA3A	WDR60	WIPF2	WSB1	XAB2	XXbac-BPG252P9.9	ZBTB18	ZBTB47	ZC3H18	ZCCHC11	ZDHHC11	ZDHHC8	ZFYVE21	ZIC1	ZMIZ1	ZMYND10	ZMYND11	ZNF276	ZNF385C	ZNF423	ZNF521	ZNF532	ZNF589	ZNF644	ZSWIM8
TH34_1455_S01-pancancer	AASDHPPT	ABCA5	ABR	AC005154.6	AC055736.1	AC132217.4	ACAD11	ADAMTSL4	ADCK4	ADGB	AGBL2	AHCTF1	AHDC1	AK1	AK7	AKAP14	AKAP9	AKIRIN1	AKNA	ALDH3A1	ALDH9A1	ANK2	ANKFY1	ANKMY1	ANKRD42	ANKRD45	ANKRD54	ANKRD66	ANKS1B	ANKZF1	AQP4	ARHGAP18	ARMC2	ARMC3	ARMC4	ASXL1	ATP1A2	ATP1B2	ATXN2	ATXN7L3B	B9D1	BAALC-AS1	BAIAP3	BBOX1	BBS1	BBS2	BBS4	BBS5	BCO2	BIN3	C10orf105	C10orf107	C11orf70	C11orf74	C11orf88	C11orf97	C14orf132	C14orf142	C14orf159	C14orf79	C15orf26	C16orf71	C16orf93	C1orf158	C1orf194	C1orf198	C1orf228	C1orf61	C20orf96	C21orf59	C2orf81	C2orf88	C4orf22	C4orf47	C5orf49	C6	C6orf118	C6orf165	C7orf57	C8orf34	C8orf76	C9orf116	C9orf117	C9orf135	C9orf171	C9orf24	C9orf72	C9orf9	CA4	CAB39L	CADM3	CALM1	CAPN10	CAPS	CAPS2	CAPSL	CASC1	CATIP	CC2D2A	CCDC103	CCDC108	CCDC113	CCDC114	CCDC13	CCDC136	CCDC146	CCDC153	CCDC162P	CCDC170	CCDC176	CCDC180	CCDC181	CCDC30	CCDC33	CCDC34	CCDC37	CCDC39	CCDC40	CCDC42B	CCDC65	CCDC74A	CCDC74B	CCDC78	CCDC81	CCDC82	CCDC89	CCDC93	CD84	CDK9	CEBPG	CEP126	CEP41	CEP83	CERS1	CETN2	CETN3	CFAP126	CFAP221	CFAP43	CFAP44	CFAP45	CFAP46	CFAP47	CFAP52	CFAP53	CFAP57	CFAP61	CFAP69	CFAP70	CFAP74	CFAP99	CH17-13I23.3	CHORDC1	CHURC1	CIPC	CIR1	CLASP2	CLEC3B	CLHC1	CLN5	CLUAP1	CMSS1	CNIH2	CNTFR	COL21A1	COLQ	COQ4	CORO2B	CPNE2	CRB2	CRLF1	CROCC	CROCC2	CSPP1	CSTF3	CTC-260F20.3	CTNND2	CYB5D1	CYB5R1	DAW1	DCAF8	DDB1	DDX17	DDX5	DENND6B	DLEC1	DLGAP1-AS1	DNAAF1	DNAAF3	DNAH1	DNAH11	DNAH12	DNAH2	DNAH3	DNAH7	DNAH9	DNAI1	DNAI2	DNAJB13	DNAL1	DNER	DOC2A	DPP6	DRC1	DRC7	DTHD1	DTNA	DYDC2	DYNC2H1	DYNC2LI1	DYNLL1	DYNLRB2	DYX1C1	DZIP1	DZIP1L	DZIP3	ECM2	EFCAB1	EFCAB10	EFCAB12	EFCAB2	EFHC1	EFHC2	EFNB3	ELN	ENKD1	ENKUR	ERI3	ERICH3	ERLIN2	EWSR1	EXD3	EXOC5	FABP7	FAIM2	FAM118A	FAM131A	FAM166B	FAM174A	FAM179A	FAM183A	FAM187A	FAM216B	FAM53C	FAM81B	FAM92B	FANK1	FAR2P1	FASTKD3	FBF1	FBXO15	FEZ2	FGF1	FHAD1	FLCN	FLNC	FOXJ1	FRMD3	FRMPD2	FRZB	GABRG1	GALC	GALNS	GALNT16	GAS8	GDI1	GDPD2	GEMIN8	GFAP	GLB1L	GLYR1	GMPR	GNAO1	GNPAT	GOLGA2	GOLGA2P5	GON4L	GPM6A	GPM6B	GPR162	GPR37L1	GRAMD4	GSG1L	HADH	HAGHL	HEPACAM	HEPN1	HIPK1	HMGN2P15	HMGXB3	HSPA2	HYDIN	ICA1L	IFT122	IFT140	IFT172	IFT20	IFT22	IFT27	IFT43	IFT46	IFT57	IFT74	IFT80	IFT81	IFT88	IGF2	IGF2-AS	IGSF1	IGSF21	IK	IL13RA2	IMPA1	INTS3	IP6K3	IQCA1	IQCD	IQCG	IQCK	ITPKB	IWS1	KATNB1	KCNG1	KCNH3	KCNJ16	KCTD17	KIAA0556	KIAA1407	KIF19	KIF5C	KIF9	KIFAP3	KLHDC8A	KNDC1	LCA5L	LCAT	LGR6	LINC00094	LINC00643	LINC00844	LINC01088	LLGL1	LLNLF-187D8.1	LMNTD1	LRRC17	LRRC23	LRRC43	LRRC46	LRRC48	LRRC4B	LRRC6	LRRC71	LRRC74B	LRRFIP2	LRRIQ1	LRTOMT	LY6H	LYPD1	LZTFL1	MAATS1	MAP3K12	MAP3K19	MAP6	MAPK15	MAPK4	MAPRE3	MASP1	MDH1B	MDM1	MGAT5	MINA	MKS1	MLC1	MLF1	MLLT1	MNAT1	MNS1	MOK	MORN1	MORN2	MORN3	MORN5	MOSPD1	MPDZ	MRPS14	MSI2	MTRR	MTSS1L	MYCBPAP	MZF1	NADK2	NCBP1	NEK11	NEK4	NEK5	NELL2	NFASC	NFIX	NLRP1	NME5	NME7	NME9	NNAT	NPHP1	NPR2	NR4A3	NRAV	NRG2	NSL1	NSMF	NTRK2	NUDC	ODF2	ODF2L	ODF3B	OSCP1	PACRG	PAIP2	PAMR1	PAQR6	PASK	PAX6	PCNXL4	PDDC1	PDZD4	PFKFB2	PGAM2	PHACTR1	PHC1	PHKG1	PIAS1	PIFO	PIH1D2	PIH1D3	PITPNA	PLA2G4A	PLA2G6	PLCD1	PLD2	PLEKHA5	PLEKHG5	PNMA2	POFUT2	POMT2	PPID	PPIL3	PPIL4	PPIL6	PPM1J	PPOX	PPP1R12B	PPP1R32	PPP1R42	PPP1R7	PPP5C	PRKRA	PRNP	PRPS1	PRR29	PSD2	PSENEN	PTCD3	PTPRD	PTPRZ1	RAB36	RAB4A	RABL2A	RABL2B	RAMP2-AS1	RBM24	RBM5	REEP2	RFX2	RFX4	RGL2	RIBC1	RIBC2	RIIAD1	RIMKLB	RMST	RMST_10	RNF220	ROPN1L	RP11-1212A22.1	RP11-14N7.2	RP11-259K15.2	RP11-263K19.4	RP11-356K23.1	RP11-424M24.5	RP11-445L6.3	RP11-503N18.1	RP11-545G3.1	RP11-620J15.3	RP11-863K10.4	RP4-669L17.10	RP4-717I23.3	RPGR	RPL32P3	RPS6KA2	RSPH1	RSPH10B	RSPH10B2	RSPH4A	RUVBL1	S100B	SAP30BP	SAXO2	SCAMP4	SCX	SDCCAG8	SFSWAP	SH3BGR	SIN3B	SIPA1L1	SIRT3	SKA2	SLC12A4	SLC14A1	SLC15A2	SLC1A3	SLC22A17	SLC25A17	SLC25A37	SLC38A3	SLC39A12	SLC41A1	SLC46A1	SLC47A2	SLC4A3	SLC6A11	SLC6A9	SMEK1	SMEK2	SNCAIP	SNRPGP10	SNTN	SOX2	SOX2-OT	SPA17	SPAG1	SPAG16	SPAG17	SPAG6	SPAG8	SPAG9	SPATA17	SPATA18	SPATA33	SPEF1	SPEF2	SPPL2B	SPTAN1	SRCIN1	SRP9	SRRT	SRSF5	SRXN1	SS18	SSB	SSBP3	SSBP4	ST3GAL6	STK11IP	STK33	STK36	STOML3	STPG1	STRADA	SULT1C4	SUPT5H	SUPT7L	SVOPL	SYNC	SYNE1	SYNGAP1	SYT11	SYTL3	TCEAL2	TCF15	TCF7	TCTEX1D1	TCTEX1D2	TCTN1	TCTN2	TEKT1	TEKT2	TEKT4	TEX26	TEX9	TGFB2	THBS3	THRA	TM9SF1	TMEM107	TMEM108	TMEM110	TMEM138	TMEM150C	TMEM218	TMEM231	TMEM232	TMEM234	TMEM237	TMEM47	TMEM59L	TMEM67	TNFRSF25	TNRC6C	TP53BP1	TP73	TPPP3	TRAF3IP1	TRDN	TRIM41	TSC22D4	TSGA10	TSNAXIP1	TTC21A	TTC25	TTC26	TTC29	TTC8	TTLL3	TTLL7	TTLL9	TTYH1	TUBB4B	UBXN10	UBXN11	UFC1	UNC119B	USF1	USP2	USP8	VANGL2	VPS26B	VPS39	VWA3A	VWA3B	WDR19	WDR27	WDR38	WDR49	WDR60	WDR63	WDR66	WDR73	WDR78	WDR90	WDR92	WFS1	WRAP53	WRB	YJEFN3	ZBBX	ZC2HC1C	ZDHHC1	ZDHHC14	ZDHHC17	ZFR	ZMYND10	ZMYND12	ZNF273	ZNF3	ZNF326	ZNF423	ZNF473	ZNF664
TH34_1456_S02-pancancer	A2M	ABCA8	ABI3BP	AC002398.12	AC005154.6	ACVRL1	ADAMTS7P3	ADCY4	ADGRD1	ADGRF5	ADH1B	ADIRF-AS1	AGER	AKAP2	AL603831.1	ANKRD1	ANKRD29	AQP4	ARAP3	ARHGAP44	ARHGEF15	ARL8A	ASNSD1	ATF7	ATP13A4	ATXN2	BCL6B	BCL7B	BTNL9	C16orf89	C4BPA	CA4	CACNA2D2	CARD8	CASC3	CCRL2	CDH5	CHD2	CIR1	CITED2	CIZ1	CLDN18	CLEC14A	CLEC3B	CLIC5	COL13A1	CRTC2	CYP2B7P	CYP4B1	DDX5	DENND3	ECSCR	EMCN	EPAS1	EPB41L2	ERBB2IP	ERCC5	ERG	FAM133B	FAM193B	FAM65A	FBXW4	FCN1	FCN3	FENDRR	FGD5	FGF7	FIGF	FLI1	FMO2	FNBP4	GATA2	GIMAP5	GIMAP8	GJA5	GKN2	GPM6A	GPS2	GRK5	HIF3A	HPGD	HRCT1	HYAL1	IGSF10	IL1RL1	IL7R	INMT	ITLN2	KANK2	KDR	KLF13	KXD1	LAMA2	LAMP3	LCAT	LDB2	LENG8	LEPROTL1	LINC01272	LMO7	LUC7L3	MACF1	MAMDC2	MAML1	MARCO	MCEMP1	MFAP4	MNT	MORC3	MS4A15	MTERF4	MYZAP	NAPSA	NDEL1	NDNF	NFKBIA	NKX2-1	NMT1	NOTCH4	NSRP1	NTAN1	NTM	PABPN1	PCAT19	PEBP4	PGC	PHF21A	PLA2G1B	PLEKHH2	PPP1R10	PPP1R15A	PRR14	PRR4	R3HDM2	RAB7A	RAB8A	RAB8B	RAMP2	RASIP1	RBMS2	REXO1	RGCC	RNF19A	ROBO4	ROGDI	RP11-1100L3.8	RP11-159D12.5	RP11-242D8.3	RP11-27M24.1	RP11-433J22.2	RP11-466H18.1	RP11-478C6.4	RP11-488C13.7	RP11-498C9.3	RP11-693N9.2	RP11-927P21.5	RP4-613B23.5	RSRC2	RTKN2	S1PR1	SCEL	SCGB1A1	SCGB3A2	SELP	SFSWAP	SFTA1P	SFTA2	SFTA3	SFTPA1	SFTPA2	SFTPB	SFTPC	SFTPD	SH2D3C	SLC25A27	SLC39A8	SLC6A4	SLCO2A1	SLIT2	SLTM	SMAD6	SMN1	SMN2	SNAP29	SNRPGP10	SP2	ST7	STIM2	SUMO1	SUSD2	TBX4	TCF7L2	TMEM100	TMEM88	TNNC1	TNXB	UIMC1	UPK3B	USP40	VIPAS39	VIPR1	WASH7P	WDR60	WIF1	WWC2	ZRSR2
TH34_2292_S01-pancancer	ABTB1	ADAMTS10	ADARB2	ADGRB1	ADGRG3	AL442127.1	AL603831.1	ALOX5AP	AMH	ANKZF1	AP2A2	APBB3	APOBEC3A	APOBR	AQP9	ARAP1	ARG1	ARHGAP26	ARRB2	ATG16L2	ATG2A	BCL2A1	BPI	CALB2	CCDC88B	CD177	CD300A	CDA	CLK3	COL2A1	COL5A3	COL9A1	COLEC11	CRH	CRHBP	CSF3R	CTA-29F11.1	CTD-2370N5.3	DARS-AS1	DEFA1	DEFA1B	DEFA3	DENND3	DIO3	DIO3OS	DLK1	DOCK5	DOK3	EDN3	EGFL7	EVI2B	FABP7	FAM118A	FAM193B	FAM210A	FCAR	FCGR3B	FCN1	FER1L4	FGGY	FGR	FLT4	FPR1	GABRE	HAND2	HAND2-AS1	HBG2	HCAR2	HCAR3	HIC1	HMOX1	HSPA6	ICOSLG	IRX1	ITGAX	KIAA1755	KXD1	LA16c-361A3.3	LEP	LHX2	LILRA2	LILRA6	LILRB3	LINC01272	LINC01393	MAPK8IP3	MCC	MCEMP1	MCOLN1	MEG3	MIR210HG	MMP19	MMP25	MTMR4	MYBPC2	MYO1F	NAMPT	NCF1	NCF1B	NCF1C	NCF4	NPTX1	NPTX2	ORM1	OSBPL11	P2RY11	PADI4	PCNX	PDE8B	PFKFB4	PGLYRP1	PLIN2	PLIN5	POLE	PPFIA4	RP11-148L24.1	RP11-159D12.5	RP11-20I20.4	RP11-466H18.1	RP11-478C6.4	RP11-82L18.2	RP11-841O20.2	RP4-555D20.2	RP5-857K21.6	RP6-159A1.4	RPL11	S100A12	SCG2	SCNN1B	SH3D21	SHISA3	SIRPB1	SLC11A1	SLC25A37	SLC26A6	SLC2A3	SNORA40	SOD1	SPON2	SPRED3	ST20	STK10	STK32B	STXBP5-AS1	TARSL2	TMEM114	TMEM145	TMSB4XP1	TNFRSF10C	TNFRSF10D	TREM1	UAP1L1	VAT1L	VEGFA	VGF	VNN2	ZIC1	ZNF337
TH34_2293_S01-pancancer	ABCA8	AC132217.4	ADAMTS14	ADGRB1	AGER	AL442127.1	AL589743.1	AL603831.1	ANAPC4	ANGPTL1	ANGPTL2	AP3S1	AQP5	ARHGEF10	ARHGEF7	ASPN	BCAS1	BTNL9	C1QTNF6	C4BPA	CACNA1B	CBFA2T3	CCDC102B	CD86	CHFR	CNTN4	COL14A1	COL23A1	CPZ	CSGALNACT2	CTDP1	CTSE	DIO3OS	DLK1	DLL1	DMBT1	DPP6	DPYSL4	DUXAP9	EBF3	ECM2	ERICH1	FAM150B	FAM156A	FAM159B	FBN1	FBXO11	FLJ16779	FLRT2	FOXC1	FOXC2	FOXL1	FRMD4A	GAD1	GALNS	GALNT9	HEYL	HP	ICOSLG	IGF2	IQCG	KCTD10	LINC00982	LIPA	LL22NC03-N14H11.1	LOX	LRRC17	LRRN3	MEG3	MLC1	MMP13	MMP23B	MUC4	MYOM2	NADSYN1	NAPSA	NEK3	NFATC1	NKAIN4	NKX6-2	NOTUM	NPIPA1	NPIPA8	NPTX1	OGN	OMD	P3H1	PAPSS2	PASK	PCNT	PDIA2	PDXDC2P	PGC	PGM2	PKD1P1	PLAC9	PLCH2	POFUT2	PP7080	PXYLP1	RASA3	RHOJ	RNF144A	RP11-1212A22.1	RP11-1212A22.4	RP11-20I20.4	RP11-295P9.3	RP11-693N9.2	SCUBE1	SCUBE3	SDF4	SDHAP1	SFTA2	SFTA3	SFTPA1	SFTPA2	SFTPB	SFTPC	SFTPD	SLC17A9	SLC6A13	SLC6A3	SLC9A3	SORCS2	SS18L1	STARD5	SYNDIG1	TARBP1	TBCD	TBX18	TMCO3	TMEM52	TNNT3	TRAPPC2L	TWIST2	VAT1L	WFDC1	WISP1	WSB1	WWP2	ZBTB21
TH34_2351_S01-pancancer	A2ML1	AC055736.1	AC132217.4	ACTC1	AP4B1	ATG12	BOD1	BPIFA1	BPIFB1	CCNL2	CDON	CHRNA1	COL11A2	COL26A1	COL9A1	CRABP1	CRNN	CTC-575D19.1	CYTL1	DLK1	DSCR8	DSG3	EIF3E	ENTPD4	ENY2	FAR2P1	FBN2	FGFBP1	FLNC	FNDC5	GABRP	GAS2	HBG2	HIF3A	HMGA2	IGF2	IVL	KRT13	KRT14	KRT16	KRT16P6	KRT4	KRT6A	KRT6B	KRT6C	LGALS7B	LRRC17	LY6D	LYPD2	MEOX2	MEST	MKX	MMP13	MTERF3	MYH3	MYL4	MYLPF	MYOG	NEFM	NNAT	NPTX2	OLFML1	PEG3	POLR3D	PPBP	PRG4	PTHLH	RGS4	RHCG	RP11-175B9.3	RP11-20O24.4	RP11-343H5.4	RP11-761N21.2	RP4-765C7.2	RPL12P4	RPL7P9	SBSN	SCEL	SCGB1A1	SCX	SERPINB2	SERPINB3	SERPINB4	SIX2	SNRPGP10	SPINK5	SPRR1A	SPRR1B	SPRR2A	SPRR2D	SPRR3	TAC1	TATDN1	TBX4	TCN1	TGM1	TMPRSS11D	TNMD	TNNI1	TNNT2	TNNT3	TWIST2	UPK1B	VMO1	WIF1	ZFHX4-AS1	ZNF7
TH34_2410_S01-pancancer	AC132217.4	ACTG2	ADAM33	ADAMTS19	ADCY4	ADGRB1	ADRA2C	ANKRD19P	ATP1B2	C17orf58	CACNA1H	CDKN1C	CHST8	CITED1	CLEC11A	CNN1	COL26A1	COL27A1	COL2A1	CRHR1	CRLF1	CRYBB2P1	CXorf36	DENND2A	DES	DKK1	DPP6	ECEL1	EEF1A1P13	EFNB3	EMX2	EMX2OS	ESR1	FBXO18	FZD10-AS1	GAS6	GFRA2	HAND2	HOXA11	HOXA11-AS	HOXD10	HOXD11	HOXD3	HOXD4	HOXD9	HYAL2	IGSF21	ISOC1	KCNK6	LAMC3	LCN6	LRRC17	MEI1	NPR2	NPTX1	NUTM2B	OSR2	P3H1	PAGE4	PAMR1	PDZD4	PGR	PPP1R14A	PSD	PTH1R	RASL11B	ROBO3	RP1-20B21.4	RP11-1100L3.8	RP11-342I1.2	RP11-680F20.6	RP11-732A19.5	RPRM	SFRP1	SLC22A1	SLC47A1	SNHG25	TMEM120B	TMEM132E	TMEM59L	TMEM88	TNXB	TRIM7	TWIST2	VCAN-AS1	VGF	WNT11	WT1	ZCCHC12	ZNF516
TH34_2411_S01-pancancer	AC096559.1	ACAN	ACTA1	ACTC1	ADAMTS10	AGAP2-AS1	ARHGEF25	AVIL	B4GALNT1	BGLAP	BPIFB4	CCL13	CCT2	CDH15	CDK4	CERCAM	CHAD	CILP2	CKM	CLEC11A	CMKLR1	CNOT2	COL13A1	COL6A1	COMP	CORO6	COX6A2	CRELD2	CRLF1	CTDSP2	CYP27B1	DLX3	DLX5	DPT	DTX3	DYSF	ENO3	FAM20C	FOXS1	FRS2	IBSP	IGFN1	INAFM1	KCNF1	KCNMB4	KLK4	LINC01481	LRRC15	LRRC17	MAP2K2	MARCH9	MB	MDM2	METTL1	METTL21B	MMP13	MSX1	MUSTN1	MYBPC2	MYH1	MYLPF	NEB	OGN	OLFML2B	OMD	OS9	OSR1	P3H1	P4HA3	PCOLCE	PLA2G5	PLAC9	PTH1R	RASL11B	RCN3	RGS3	RNA5SP216	RP1-20B21.4	RP11-343H5.4	RP11-571M6.17	RP11-571M6.18	RP11-588H23.3	RP11-620J15.3	RP11-632C17__A.1	RP11-785D18.3	RP11-802E16.3	RP3-508I15.18	RP4-765C7.2	RUNX2	SIX2	SLC26A10	SLC29A1	SLC39A13	SNAI1	SNHG25	SP7	SSC5D	STAB1	STAC3	TCAP	THBS4	TNFRSF6B	TNNC1	TNNC2	TNNI2	TNNT3	TPRG1	TSFM	TSPAN31	WISP2	XRCC6BP1	YEATS4
TH34_2666_S01-pancancer	ABCC8	AC005606.15	AC006116.20	AC093642.3	AC104451.2	AC116614.1	AC132217.4	ACSF2	ADGRB1	AHRR	ALX1	AMDHD1	AP000580.1	AP001059.6	ARVCF	BCO2	BCRP3	BCYRN1	BPI	CAMK1G	CBLN2	CCDC180	CD99P1	CDH4	CHD5	CHTF18	CNGB1	COL9A1	COL9A3	CRH	CSAG1	CSAG3	CTB-36O1.7	CTD-2545M3.2	CTD-2545M3.8	CYP2D7	DIO3	DIO3OS	DLK1	DNAAF1	DOK7	EBF2	EP400	ERVH48-1	FABP7	FAR2P1	FBN2	FLRT2	FLT4	FMN2	FOXB1	FOXC2	FSD1	GGN	GLIS3-AS1	GNB3	GNRH1	GTSF1	GYG2P1	HIF3A	HSPA12B	IGLON5	KB-1572G7.2	LA16c-361A3.3	LDLRAD2	LINC00473	LINC01150	LINC01393	MDM2	MEG3	MEG9	MEIOB	MT-ND4	MT-ND4L	MTRNR2L12	MUC2	MUC5AC	MUC6	NPIPA1	NPIPB3	NPIPP1	NPTX2	OBP2A	PAEP	PIGG	POLE	PTPDC1	RALYL	RBPJ	RGS20	RP1-20B21.4	RP11-110I1.6	RP11-159D12.5	RP11-20I20.4	RP11-231C14.4	RP11-244F12.2	RP11-307C12.12	RP11-323N12.5	RP11-380M21.2	RP11-390P2.4	RP11-473E2.4	RP11-478C6.4	RP11-498C9.2	RP11-498P14.3	RP11-580I16.2	RP11-627K11.6	RP11-676J15.1	RP11-82L18.2	RP11-977G19.5	RP3-508I15.18	RP5-1056L3.3	RP5-857K21.11	RP5-857K21.7	SCNN1B	SFTPA1	SFTPA2	SFTPB	SFTPC	SHC3	SHISA3	SLC13A4	SLC1A6	SNHG23	SNHG25	SPRED3	SPRR2A	SPTBN4	SUGP2	SULT1E1	SULT4A1	SYCE1L	SYCP2L	T	TMEM132C	TNNI3	TNNT3	VCAN-AS1	VGF	WNK4	WT1	WT1-AS	WT1-AS_7	ZFHX2
TH34_1150_S02-pandisease	CIC	ANKRD10	EOGT	SFTPB	SFTPC	TTC21B	CDKN1B	PCSK1	AHI1	PLEKHH2	MOXD1	CTD-2270P14.1	GREM1	ADAM33	TNRC6A	RP11-156P1.3	ZNF300P1	DUSP22	ARL17A	PAXBP1	RSAD1	EPCAM	SNHG14	KANSL1	ELF2	KIAA0907	SLC6A15	PPFIA1	TBKBP1	DYNLL2	FTSJ3	BRPF3	GOLGA8N	SFTPA2	WSB1	EFS	SFTPA1	HHIP-AS1	RERGL	DYNC2LI1	DMTF1	LUC7L3	CH17-232I21.1	LTBP4	ZBED5	SCN1A	Y_RNA	STAG3L3	DAAM2	AL132780.1	BZRAP1	GREB1	STAG3L1	TLK2	STAG3L2	HIST1H2BG	RP11-575L7.8	BTG3	RNA5SP187	AHNAK2	NAPSA	ZBTB43	CD46	RERG	SLPI	EXOC6B	SNRPGP4	USPL1	PTPRR	MIR124-2HG	ACAD9	DDX42	FPGS	IGLV3-25	RBBP6	MAPK13	PLEKHA7	RHBDD3	STON1	LRCH3	CDK9	TCTEX1D1	BCL6	SCN3A	TMEM164
TH34_1162_S01-pandisease	DUOXA2	MAN2B1	PARL	CD37	LAPTM5	APOC4-APOC2	IL24	APOC1	MS4A7	PLIN2	MSR1	TYROBP	PPT1	MPP1	GNG10	RNPEPL1	P3H1	GPR108	LIPA	CTSL	RNASE6	CTSA	CTSB	FPR3	CDH24	IFI30	CTSZ	CSF3R	SLC15A3	MS4A4A	NPL	LST1	PLD3	GM2A	TRAPPC5	ARFRP1	RP11-671J11.5	IL10RA	SLC7A7	DUOX2	GLUL	LAIR1	HCST	AP2S1	LILRB4	UACA	RNF130	NPC2	CEACAM6	FAM118A	MIER2	GRN	BLVRB	RHOG	FTL	ITGAX	PLA2G15	LGMN	MGAT1	PSAP	TNFAIP2	GPX1	NRD1	CD14	RNASE1	TCIRG1	ACP5	CD53	FABP4	ARRB2	TREM2	ATP5E	FCER1G	SPI1	CYP1B1	CEACAM21	GMFG	CTC-575D19.1	CSF1R	GPNMB	FANCA	SIPA1	C2	AC005943.6	CECR1	CSTB	FAM96A	COL9A3	CD68	LGALS9	SH3BGRL3	C1orf162	SPP1	MYO9B	CD163	CD52	SAT1	STAB1	CREG1	PLAUR	CORO1A	ADPGK	CORO7	LRCH4	ASAH1	ARAP1	ATG16L2	AP1B1	ODF2L	MFSD1	CTSD	MS4A6A	LAMTOR4	MCOLN1	NAGK	SAMHD1	HEXA	VAMP8	CFD	SIGLEC1	CMTM3	HLA-DMB	FUCA1	HLA-DMA
TH34_1163_S01-pandisease	RP11-229E13.4	FP671120.2	BBS2	MED4	KCNE4	SNORA27	CSAG1	SF3B6	AP001065.15	FKBP5	PRG4	MTIF3	ZFAS1	GTSF1	ZNF595	EDNRA	PGA5	RP11-138I1.4	PLIN2	FRG1	FP236383.7	PGA3	CDC16	RP11-467L13.4	SCARA5	PGA4	UFM1	MRPS31	FP236383.8	UTP11L	TSPEAR-AS2	DNAJB11	STK24	SAP18	TFPI	TSPEAR-AS1	FTH1	RBM39	LDHA	DIDO1	PROCR	NIFK	FMO1	POMP	RPL41P2	LONRF1	RP11-452G18.2	ESD	AC079781.5	UBE2V1	ADM	FABP7	ING1	MIR210HG	GTF2F2	CXCL8	TAF1D	HMOX1	AC005062.2	CHURC1	JPX_1	CUL4A	SNHG7	ADH1C	PDK4	RPL23AP42	OSER1	CARKD
TH34_1238_S01-pandisease	NEAT1_1	ADAM23	TM7SF2	FCRLA	AC019118.3	STIM2	LDLRAD2	MYL5	MCOLN2	MAPK12	RP11-345J4.6	KCNK9	BBC3	KLRF2	GIPR	HSF4	SNORD22	RP11-291B21.2	P2RY11	MEIS1	PAM16	BNIP3P41	AC091053.2	DMPK	TRMT1	TBC1D27	PENK	GAS6-AS1	MPEG1	NAT9	RP5-1028K7.2	AL162151.3	NUDT1	AL662801.1	CCDC78	IGHV3-20	RPL39P3	LIMD2	RAB24	TNFRSF13B	TCTEX1D1	KLRC4-KLRK1	TCL1B	ZNF521	DFNA5	C11orf98	AC006449.2	NOP16	CDHR3	IGLV3-25	RELL2	MRPS21	IGLJ3	HOXA5	RP5-887A10.1	RP1-170O19.23	HSPE1	SNX22	HOXA3	WBP1	GOLGA8A	HOXA9	EME2
TH34_1239_S01-pandisease	CLEC10A	GZMB	CAMP	KCNE5	TCN1	HP	ANXA3	TRDC	CD8A	PGLYRP1	CD247	C1QA	CHI3L1	OLFM4	CD8B	PITX1	NCAM1	APOE	CHIT1	LCN2	RGL4	DEFA1B	CEACAM1	AL162151.3	FOLR3	DEFA4	DEFA3	C9orf142	CEACAM6	CEACAM8	METTL7B	ARTN	XAGE1B	CRISP3	CTD-3154N5.2	GNLY	COL1A1	AL662801.1	LAMP5	B3GNT7	FLT3LG	PRF1	AL442127.1	FCGR3B	GZMA	IL2RB	ORM1	LGMN	DEFA1	ARG1	SDC2	GZMH	C1QB	PKIB	SHOX2	MMP8	MMP9	GRIP1	IL32	MSLN	HOTAIRM1_1	C1QC	LTF
TH34_1240_S01-pandisease	RP11-229E13.4	MT-CO2	MT-CO3	NDUFB9	CKM	HIST1H4J	C7orf55	PES1	MYL2	TNNC1	TNNC2	MYL1	GNL2	MT-ND3	MT-ND4	NDUFB7	PYGM	MTND2P28	WDR4	AL132780.1	MUC6	CAMKV	LDB3	GUK1	MYL3	COX6A2	TRAPPC5	YDJC	POP7	SMPX	CSRP3	SNHG9	SLC19A1	ACTA1	PRR34-AS1	ALG3	DES	TBRG4	PPP1R27	UNC93B1	MZB1	DDX56	UBA52	OTX2	PSMG4	TIMM13	PSMG3	CA3	TOMM7	RNU1-3	RNU1-1	AL662801.1	DDT	CTD-2017F17.2	MRPL4	TOMM5	AL592211.1	POLR2H	XIRP2	POLR2J	MB	MRPS24	SMIM4	DNAJC2	MRPS21	CBS	KLHL41	POLR2F	MYBPC1	RP11-451G4.2	PDIA2	ACTC1	RPLP1	SNHG19	NEB	ARMC6	ATP6V1F	FABP3	ADSL	KRT8	ATP5D	MYH2	MYH7	RP11-603J24.17	RNU1-28P	RNVU1-18	MROH2A	AC005943.6	DPM3	RPS27A	FOXP4-AS1	KIAA0020	RPS28	SRM	RP5-940J5.9	ENO3	GCAT	TCAP	PPAN	RP5-857K21.11	KRTCAP2	RHCG	FAM136A	WDR18	MUSTN1	RPS10	RPS17	RPS15	UQCR11	RP5-857K21.7	PRDX4	AIMP2	MYOT	MRPS17	PFDN2	MYLPF	S100A1	TXNL4A	PUSL1	CD320	CASQ1	ANKRD1	ANKRD2	TATDN1	IMPDH1	GAL	TNNI2	TNNI1	RRP9	TG	TSSC2	HSPB7	NOS3	ATAD3A	RP9	PDIA5	LSM7	FAM207A	MAP7D2	SLN	RP11-150O12.6	SSBP1	SLIRP	SNHG25	RPL36	RP1-20B21.4	FAM195A	NCLN	PET100	DKC1	BOLA3
TH34_1350_S01-pandisease	HSPA7	ELOF1	SCO2	CHI3L1	CAMK1	CD177	FGFBP2	DRAP1	AL162151.3	C1QC	C1QB	C1QA	CD300E	TNFSF12	CTA-384D8.36	HLA-A	SNAP29	RRAS	RP11-386G11.10	GPBAR1	IFIT2	MARCO	LILRB2	EGR2	MIR142	AP003041.1	CEACAM1	PILRA	CEACAM3	ANXA11	CEACAM8	UBXN1	RAB7A	RCN3	GBP1	AL662801.1	GBP5	WARS	GIMAP4	GIMAP5	RP11-362F19.1	GZMB	GZMH	PFN1	TAF10	RP11-3P17.5	SNORD89	RNA5SP216	SPI1	RP11-466H18.1	C3	C2	EPB41L3	FCGR3A	AC009065.4	LTF	CD8A	CD8B	COL17A1	UBE2L6	RP11-498C9.3	RARRES3	SECTM1	CTD-2006K23.1	SLAMF7	NEAT1_2	LCN2	CTD-3193O13.13	ROGDI	FCGR3B	PGLYRP1	PRELID1	CAMP	RGL4	DEFA4	DEFA1	FCGR2C	SSSCA1	CXCR2P1	TAGLN	RNF167	ABI3	LINC01272	MMP8	MMP9	ATF5	WBP2	SIGLEC7
TH34_1351_S01-pandisease	SFTPD	ZCCHC11	WWP2	FXYD3	COL11A2	SFTPC	MIA	TSPAN13	AGER	FKBP7	SRSF11	SRSF10	CYP2B7P	COL27A1	SFTA3	SFTA2	TYK2	NKX2-1	USP22	ENOSF1	SPINT2	C19orf43	PEBP4	SFTPB	BCS1L	SELENBP1	ZRANB2	MALL	ARHGEF1	CCDC14	LZTR1	ZNF266	ZSWIM7	SFTPA2	SFTPA1	AC159540.1	NADK2	SETDB1	WSB1	ATPAF2	FLCN	AQP4	MAN2C1	CDKN2D	PRPSAP2	Y_RNA	MUC1	ACIN1	SAFB	CTSE	CTB-134H23.3	SP7	CTD-3252C9.4	CSF3R	THOC1	CXCL17	FAM156B	ADCY6	CXCL2	GPBP1L1	ELOF1	ORMDL1	ZNF280D	RHBDL2	CSAD	AL132780.1	RUNX2	ATP8B2	TTC17	N4BP2L2	SNHG3	SERPINA1	ZNF559	TTC19	FBP1	INTS3	SH3BP2	MSL3	ALDH3A2	COPS3	HP	KAT2A	NIPBL	FNBP4	RPL37	RAD1	TRMT1	OXCT1	IBSP	CEP95	C16orf89	SRSF4	TNNT3	THEM4	RGS3	SCGB1A1	TMTC2	C4BPA	TOM1L2	THBS3	AP003041.1	PILRB	FAM92A1	TMEM263	MRI1	TACSTD2	ZNF287	ATHL1	TMEM125	C3orf58	DHPS	FAM118A	IFITM5	CEACAM6	AL662801.1	USP32P3	KIAA0907	WFDC2	ANAPC5	TYRO3	IVD	PMP22	HOPX	CCDC130	CDC26	SH3YL1	SCGB3A1	SAFB2	MEF2A	STK36	CLK2	ALKBH5	TOP3A	KRT19	KRT18	COX10-AS1	ACE	HDAC6	ACAN	CLDN18	MKNK1	CYP4B1	RCOR2	INSC	KRT7	AKAP10	PTN	KRT8	COL2A1	HPGD	NCOR1	EXOSC10	BRIX1	TMEM11	FASTKD1	RP11-231C14.4	ZNF317	ADAMTS10	CDC37	SLC34A2	F11R	MARK3	FLII	MAPK7	PDE4DIP	HERC2P3	HERC2P2	RP4-765C7.2	ZNF83	TARBP1	RP11-734K23.9	COL9A3	RPS28	MLLT6	MAST2	BARX1	LAMP3	DNAJC21	GPR153	STX8	ANKZF1	SLC17A9	FAM156A	LLGL1	PPAN	PKD1	DMTF1	STX10	COL13A1	IGLV3-1	ABCA3	SLC22A31	ZNF131	HAPLN1	PTH1R	C8orf4	NEAT1_1	AC005154.6	DCAF15	SPG7	WASH5P	SCO1	AGR3	MAP2K3	MPRIP	ZNF18	ATP11A	MAP2K4	ELF3	TMEM39A	SPTBN1	DDX17	UPK3B	PGC	ELAC2	CDK10	HS3ST3A1	MLLT1	PHKA2	TNPO2	RAI1	NPIPB3	ULK2	UBE2G2	PHOSPHO1	LPCAT1	ADH1B	DHRS7B	ANXA3	COPA	KRI1	DRG2	HOOK2	ENPP2	REG1A	PIGL	C1QTNF3	LRRC1	CES1	ATG4B	MARCO	TVP23B	GPRC5A	RP11-1212A22.4	DUSP12	RP11-488L18.4	DCAF8	PEMT	EPN2	OGT	AGR2	CYB5A	SCGB3A2	PON2	RABGGTB	NDUFS2	NKTR	GAS7	ENTPD6	TARS	WDR70	MLPH	ZNF286A	TIMM44	ILF3	NAPSA
TH34_1379_S01-pandisease	SFTPD	AAAS	APOC1P1	SFTPB	SFTPC	AMBP	MLEC	AGER	RP11-568K15.1	APOC4	PKP4	AP003041.1	CHI3L1	COL27A1	SFTA3	APCDD1	AGT	TMEM2	SLC30A3	SEMA4G	PEBP1	ZNF384	DLG5	BCS1L	SYTL2	C2orf72	PLA2G6	AC008753.4	SFTPA2	RELN	SFTPA1	HBB	ILF3	KDM2B	NECAB3	SETDB1	CA4	ARHGEF11	TRMU	Y_RNA	AL132780.1	SP5	AQP9	AMACR	TOMM34	MEG3	CENPT	HSDL1	F5	KIZ	BMP4	UCKL1	THUMPD3-AS1	RBM39	SCARB1	CCND2	HBG2	WDR59	TTC17	TIAL1	COLEC11	STARD3	SPPL2B	PIP5K1A	APOC3	LINC01089	STAR	FUS	SNX5	SERINC5	AGXT	FGFR1	RP11-1212A22.1	MUCL1	MGST2	PAH	ATG4B	DENND4B	ARFGAP1	LAMB1	BAZ2A	ODAM	APOA1	APOA2	C1GALT1	PRAP1	SRSF6	APOB	MFF	SLC11A1	ASXL1	ITIH5	C4BPB	KMT2D	APOH	GATM	STK25	AC132217.4	NR5A1	GBA2	CCL25	IGF2	TRH	NPIPA5	RNF43	NUDT4	SMYD2	KIAA0907	UNC119B	GPR89A	RP11-231C14.4	SLC39A5	SERPIND1	TCAF1	NOTUM	PABPC1L	ZDHHC6	ZNF503	HMOX1	PTCD3	MTG1	FBXO31	PON2	CRLS1	CLK2	ATXN2	NKD1	SLC13A5	ZNF331	C10orf2	CLDN18	MKNK1	SDCCAG3	HBA1	DLK1	FABP1	PLP1	ITIH2	COL2A1	TRIM50	MAP4K4	TNPO2	RNY3	SLC7A8	RNY1	RHBG	KNTC1	GCN1L1	GTF3C5	TM9SF4	P3H4	RBM17	ANAPC7	DUSP9	MORF4L2	CST4	AGFG2	NDN	ACSS3	ACSS2	SLC13A3	COL9A3	VTN	ASGR1	PCAT14	RNA5S9	ROBO3	SERPINF2	AGAP9	LEF1	FSCN1	FAM171A1	TAF1C	HABP4	F2	SLC17A9	KCNJ5	NOV	ASPSCR1	TBCE	ALB	AK6	GLUD1	DMTF1	C5	MME	RP11-488L18.4	PEG3	NEAT1_2	HS3ST4	LMBR1L	PLA2G1B	STAG3L5P-PVRIG2P-PILRB	PLCG1	IKBKAP	AHSG	SLC5A6	CCAR1	CPSF4	SEMA6B	ALDH1A2	ANKRD11	PAN2	PGC	SERPINA7	NAP1L1	NOP56	TBX3	TRDC	DPEP1	BRPF3	PFKM	PREB	TNNI2	PEG10	GLT8D1	TF	SERPINI1	DGKD	TTLL4	MATN3	C1orf115	UXS1	FAM189B	MEST	ERVH48-1	MRS2	GPC3	RHOBTB2	TRIB2	RHOBTB1	TRIP10	SERPINA5	HBA2	COPS7B	NRP1	AXIN2	ACTN2	ID2	MYH7B	SHTN1	PROC	BAMBI	SCGB3A2	RBMX	CYP4F34P	CPA4	NCL	CKAP4	KANK1	TARBP2	FAM178A	NAPSA
TH34_1380_S01-pandisease	TSPAN18	ORAOV1	TCTN1	COL11A2	POLG2	RNU6-689P	CH17-232I21.1	HIPK2	TP53INP2	WNK2	ADSS	GABRB3	KIAA0907	CCDC102B	FMNL3	NAV1	ZNF266	Y_RNA	NADK2	CDH4	SDHC	EIF3CL	LARP1	DIMT1	FMO1	NRARP	LIPG	ARHGEF17	RP11-188P20.3	DAAM1	IDH1	ATP1B2	R3HDM2	SCD5	SPPL3	FCHSD2	SLC25A26	RP11-54O7.17	ACOT8	OPA1	KIRREL2	SLC25A29	ATP2B4	URI1	RP11-1055B8.4	ZC3H11A	PLD1	ADCY3	EIF2D	PPFIBP2	NPY	GUCY1B3	CEBPA	TTC19	SNRK	ZNF561	CPT1A	EGFLAM	PP7080	DIRAS1	FAM208B	GSTM4	CCDC68	SERINC3	C1orf27	GLUL	TDO2	TRIB1	SEPT5	NDRG2	PPP1R1A	CTD-2297D10.2	EIF4EBP2	CHD6	RP11-1191J2.2	ZNF608	SOX13	MFSD2A	GATM	GUCY1A3	TMEM263	FOCAD	GBA2	H19	CLUH	FBXO8	AL662801.1	MAN2A1	SAMM50	UBA2	ZNF587	NPHS1	CHST1	CERS2	SDHAP1	MARC2	FRMD3	LRIG3	IRF6	NOTCH3	UQCRC2	IMPA2	RNPC3	RP11-96L14.7	PALD1	RP11-394O4.5	PKIG	RAD23B	ZNF333	FAM168A	MKNK2	CIRBP	FAM120A	ADAMTS10	PPA1	RCAN2	LRRN3	MXD4	RDH5	SEPT8	VPS45	NDUFV1	BTG2	ARHGEF11	SLC22A23	NR2F6	P2RY11	TMEM150C	PPP1R12B	PDCD4	MIR199A2	DBNDD2	LRRC8D	ZNF326	RIF1	NDUFA5	ADGRD1	COX4I2	CS	RP11-116D17.3	UBR4	MVB12A	HEY2	TMEM63A	TPCN1	SEMA3G	PPOX	COLCA1	TBCE	CTC-339O9.1	NTN5	GMNN	ATP1A2	MYO19	HEYL	TADA1	HARS2	CTD-2521M24.5	CTD-2228K2.7	HDHD2	CAB39	ZNF496	PDHA1	NRIP2	TESC	FH	DGKZ	POGZ	CDK18	CEBPG	KCNK9	MZF1	SLC38A2	TBX3	C1orf95	KCNK2	KRBOX1	IQGAP2	ZAP70	IDH2	VPS13D	JAG1	NET1	INTS3	DPY19L2	COPA	SLC22A3	FBN3	ANO1	SGSM2	CADPS	PGA3	PGA4	PGA5	DIS3L2	POGK	SNX21	SNHG25	COL5A3	BBS1	CALCR	NSUN2	OAZ2	NOTCH1	ANO10	RBMX	RABGGTB	TFCP2	DCAF6	BRD8	LETMD1	PLXNA2	EEF2	SLC25A27
TH34_1381_S01-pandisease	UBE2Q1	HIF3A	PGAP2	TMCO1	CH17-232I21.1	ANP32E	SMG5	SMG7	KIAA0907	TKTL1	MRPL55	TOR3A	C14orf159	MANF	METTL13	ZSWIM8	ARHGEF11	Y_RNA	MUC1	SCCPDH	IQCG	ZNF672	EIF2D	P4HA1	STARD3	AK1	LGR6	PNISR	RIT1	RP1-261G23.7	MFSD10	DENND4B	CHKB	XPO1	CTD-2297D10.2	CCT3	CETN2	ZIC4	ZIC2	WSB1	C4B	ZIC1	DYNC2LI1	GDF10	FOXJ1	MAPK1IP1L	CCDC57	NCAPD2	NFASC	VEGFA	RP11-101E13.5	RPRD2	BNIP3	CYP4F12	ZNF423	COMMD3	POLR2A	EFCAB1	EFCAB2	NUP133	SRGAP2	SLC4A3	FH	COL2A1	IRF2BP2	TIPRL	CRYZL1	ARF1	DNALI1	GALNT2	LAMA1	ARL8A	BROX	ARVCF	RP11-734K23.9	ALDH9A1	AC159540.1	SAR1A	TMEM63A	GEMIN8	CCDC114	TBCD	KRTCAP2	CXXC5	CDK5RAP2	RBM5	DHX9	PSMD4	FLAD1	IGSF1	CFAP126	ZNF496	IVNS1ABP	H3F3A	PPFIA4	TOB1	FBRS	C1orf226	MAB21L2	NEO1	CNOT3	NOS1AP	HSD17B7	TTLL4	TTLL3	CD46	BMI1	ZNF687	ATN1	APC2	DEDD	CA9	CLK3	H3F3AP4	CALR	ACBD3	MAP3K12	MBD6	ACBD6	MPC2	UAP1	UFC1	SF1	MARCH6	DFNB31	PYCR2	PRPF3	USP21	UBXN11	RARA	LBR	DDX39B	HYOU1	ADRA2A	C5orf49	C5orf45	HDGF	TSNAX	CENPF	ACIN1	ATP1B1	NME7	TPR	TNFRSF25	THOC1	GOLGA2P7	SLC41A1	SLC41A3	ZC3H11A	RFX4	RFX5	SLC2A1	PLEKHA7	TIAL1	UQCRC2	STRADA	PDXK	CRELD2	CRELD1	FHAD1	CNTN2	PPOX	SLC29A1	VANGL2	RUVBL1	ADAR	AP003041.1	ITPKB	SDF2L1	PLXDC1	PKM	IGF2	TARS2	DAP3	SMYD3	KDM5C	MARC2	JTB	EGLN1	DNAH9	GAS8	CLK2	ALKBH5	ZBTB18	PI4KB	FILIP1L	CCDC40	RCOR3	RNPEP	FAM81B	MLF1	IFT140	DAW1	RSPH1	WDR26	WDR27	USF1	ADSS	CADM1	KLHL12	MTMR11	RMST_10	PODXL2	RABL2A	ADGRD1	TMEM9	HSP90B1	C10orf105	MGST3	PIP5K1A	GDPD2	PRCC	HKR1	PCP4	GRSF1	SF3B4	NENF	MSH5	NFYC	MRPS14	AXIN2	RGL1	RGL2	PFKP	DVL3	ARNT	MTX1	COQ9	EPRS	XPR1	SNAPIN	INTS3	PHYKPL	COPA	GALNS	SYNGAP1	NBPF15	THEM4	LMNA	RABL2B	PBX2	PBX1	LYPLAL1	PMF1	AZIN1	PFKFB4	SCRIB	DCAF6	TCTEX1D1	DCAF8	PAGR1	FGFRL1	ANGPTL4	RAB4A	CD36	POLR3C	GGPS1	SELENBP1	RP11-632C17__A.1	PLA2G6	COX20	ENSA	AC132217.4	SETDB1	MAPRE3	C4A	ERBB2	GPI	PNKP	CDH23	TNIP1	GNPAT	MDM4	LRRC71	BRD2	RSPO2	TOR1AIP1	PLD2	RSPO4	SFI1	LLGL1	TTC17	NUCKS1	SPEG	LZTR1	RP4-669L17.10	MRPL24	ISG20L2	GORASP1	GAPDH	CRTC2	SUCO	SRSF5	IARS2	SRSF6	SRSF1	CHD1L	UBAP2L	PIAS3	CHODL	KIF9	MEIS2	RBM34	PNPLA7	SMEK1	B4GALT3	PGK1	DALRD3	AL662801.1	PARP1	PAX6	PAX3	UBA1	GPR89A	MRPL9	FAM162A	LAMA5	TADA1	MRPS25	ST8SIA1	MOK	STK33	STK36	NVL	LAMTOR2	ACADVL	TMEM161B-AS1	ODF3B	C1orf43	ADAMTS16	DENND6B	VPS45	APH1A	RRNAD1	RBM8A	PABPC1L	ADIPOR1	TPPP3	MTG1	AKAP8L	RELN	BNIP3L	MTSS1L	ACSS1	CCDC37	SH3BP5L	LGALS8	RP11-263K19.4	UCHL5	RP4-781K5.2	LRBA	PLXNA3	PLXNA2	GSTM2	LRRN2	PRRT2	TBC1D9B	WDR11	STX18	HMGXB3	DTX3	HILPDA	PEX19	ZMYND10	SNAP47	ANGEL2	ANKRD11	TIMM17A	MLLT6	CFAP45	PRRC2C	RMST	PDZK1	PIGC	MSI1	SLC22A3	RHOBTB2	RHOBTB3	HERPUD1	DUSP12	POGK	MMP17	SRRM1	SRRM2	POGZ	NDUFS2	YY1AP1	BCL9	CKAP4	ILF2	SUN1	LYPLA2	SRP9	KIFAP3	BOC	SDCCAG8	NSMF	SUSD4	MICAL3	PHC1	CAPN2	RP3-467D16.3	PYGM	STK11IP	NTPCR	SCAMP3	SPAG8	SPAG6	COG2	C9orf24	CHTOP	USH1C	ATP2B4	FDPS	PCGF3	SOCS2	HK2	RP11-565P22.6	C1orf35	HNRNPU-AS1	ATP8B2	MYO15B	RNF2	ROBO3	KDM5B	VPS72	NIT1	RP11-14N7.2	RP11-1212A22.1	CCDC181	SLC25A37	NAV1	NEK11	RSAD1	PLXNB2	MSTO1	ASXL1	HAUS7	THBS4	THBS3	GRAMD2	COL27A1	SPATA17	RNF44	CAPS	GYS1	PLEC	MIA3	SLC25A44	ADGRA3	PRKRIR	IPO9	BAIAP3	GOLGA8B	NRBP2	RFWD2	MAPK15	GON4L	LINC00665	MPZL1	HNRNPU	SPA17	PPP1R12B	ALDH18A1	SNRPE	PI4KAP2	ZNF692	ELN	PRUNE	PYGO2	COL9A2	GGA2	NCSTN	IDUA	VWA3A	GLB1L2	SEMA3B	FAM179A	WDR90	C4orf3	PDE4DIP	PSMB4	TMEM231	KCTD3	DESI2	KLHDC9	HAX1	ACKR1	ADAM15	CACYBP	XBP1	RP11-488L18.4	CIART	TMEM183A	CPNE6	UBQLN4	AHDC1	DAP	MMS19	MSX1	TBCE	DGKD	ISYNA1	PDIA4	PDIA3	LIX1L	C1orf198	SSBP3	ARMC3	LINC00969	FAM63A	PLEKHG4	PLEKHG5	BBS1	C1QTNF3	TTC21A	TARBP1	SDHC	WNT11
TH34_1399_S01-pandisease	COL23A1	NELFB	PLK5	GSTA1	C11orf84	P4HA1	PPWD1	AKAP17A	GJB6	C11orf95	TMEM2	CLSTN3	MIR503HG	CERS4	FENDRR	NTNG2	CALM1	ZFYVE16	CCDC93	CCDC14	CAPN5	CH507-528H12.1	AC159540.1	TAGLN3	SEPT11	DMTF1	LUC7L3	IRX2	LSS	B3GALT6	SLITRK2	LIPG	Y_RNA	FAM132A	PTAR1	WSCD2	ENTPD8	SERPINB9	RP1-172N19.5	SHOX2	IQCG	KLK6	CACNA2D2	RGS12	THOC1	FAM193B	KCTD12	PNCK	PLD2	ORMDL1	THUMPD3-AS1	PPFIBP1	PRR22	EGFL6	NRTN	TIAL1	LINC01002	LINC01001	SLC19A1	RP4-669L17.10	ENTPD6	CTD-2547H18.1	EXOSC8	KREMEN2	FAM189A2	CEP95	MPHOSPH8	TNNT3	PPP1R1B	TCP11L2	CH17-232I21.1	IGSF10	HSBP1L1	WSB1	DIO3	MGEA5	LINC00684	CCL25	ZFC3H1	CLDN6	GCA	ZNF189	AL662801.1	BTNL9	VEGFA	SLC26A6	ARGLU1	RP11-20I20.4	WDR19	PSIP1	COL22A1	TUBBP5	FTCD	KDM3A	SLC39A10	RP11-394O4.5	CCDC109B	ONECUT3	AC093323.3	TCERG1	HNRNPH1	CYP2S1	ITIH2	ITIH5	POLI	EHMT1	NSMF	NRBP2	FAM91A1	SMC5	AKAP8L	RP11-89K21.1	LINC00342	C1orf159	DUS3L	ADGRB1	LINC00461	ARTN	HERC2P2	GALP	ZNF83	RP11-734K23.9	C17orf85	IL3RA	MOB2	RBFOX3	LEF1	TRIM67	RP11-488L18.4	TMEM63C	ANKZF1	RP5-902P8.12	PTPRQ	RASGRF2	PLXNA3	ABCA7	CHRD	STX16	FAM89A	CH507-513H4.1	CTD-2007L18.5	TOR4A	LENG8	RBM6	RBM5	LMBR1L	RP11-496I9.1	NADSYN1	ALOX15	RPRD1B	ATP11A	SMOC1	TIA1	SEMA6C	PAN2	LOXL3	HHEX	NEDD4L	SPATC1L	GJB2	UNCX	ESYT2	APOA1	PDZD4	KRT23	ECEL1	DPP6	HMGB1P1	PHYKPL	INTS6	MINK1	RUFY3	FBN3	RBM38	SMURF2	TUBB8P12	PPP6R3	PLB1	AL442127.1	PCNX	AMT	FAM43A	OGT	GAL	TPT1-AS1	KCNT1	AC093850.2	NKTR	PNN	SPACA6P	COL20A1	C20orf166-AS1
TH34_1400_S01-pandisease	FAM213A	TUSC5	AOC3	PCK1	TM7SF2	GHR	RP11-369J21.13	PCCA	PECR	MOCS1	TIMP4	RAPGEF3	PLIN4	PLIN5	CAV2	ADIPOQ	PLIN1	MT-ND2	GPAM	MT-ND4	LVRN	PNPLA2	GSDMB	PRKAR2B	HEBP2	HMGN2P15	FMO2	AQP7	LIPE	TF	LPL	RBP4	RP1-28O10.1	GPT	HSDL2	ADCY4	ADCY6	ORMDL3	MTURN	ALDH1L1	SLC2A4	CSAD	ECHS1	LINC01485	LINC01002	SLC19A3	ACADS	RETSAT	CCDC69	ITGA7	CTIF	TMEM132C	PPP1R1A	DGAT1	SCD	DGAT2	MT-ND4L	MT-CO3	PALMD	TKT	HOOK2	UGP2	SLC25A10	KCNIP2	THRSP	AGPAT2	G0S2	MT-CYB	DHRS11	MRAS	MRAP	BTNL9	HCAR2	MT-ND3	ACO1	SCRN2	LYVE1	MARC1	MCCC1	HADH	PLA2G16	HACD2	PPARG	AZGP1	TP53I13	MYZAP	AIFM2	RP11-394O4.5	TRHDE-AS1	CYP4B1	CD300LG	FABP4	PDXK	ADHFE1	RNA5SP216	MESP1	AKR1C2	LGALS12	GPR146	FZD4	DHDDS	SIK2	SGCG	NAT8L	C14orf180	FHL1	FASN	TYRO3	CIDEA	C6	CISH	ETFA	PDHA1	RP11-162P23.2	ACACB	ACSS2	CALB2	ELMOD3	BPHL	FADS3	C19orf12	PEX19	MARC2	SEMA3G	PRRT4	SUCLA2	ALDH2	LEP	STAT5A	NMB	ATP1A2	MMD	PFKFB3	CFD	PPP2R1B	C2CD2	CHP1	CAT	EZH1	AC022007.5	GPD1	MDH1	MYOC	CA4	ITGB1BP1	FAM219B	GYG2	CEBPA	PC	RDH5	ADCK3	FAH	LDHD	GLYAT	S100B	ACSL1	AMY2B	MLXIPL	FAM47E-STBD1	RTN3	HRASLS5	RASA4	SHANK3	CIDEC	ENGASE	GPT2	CA3	MUSTN1	SLC7A10	CYB5A	PDE2A	ADH1C	ADH1B	PDE1B	GABRE	EEPD1
TH34_1414_S01-pandisease	SMARCC2	ANKRD52	SLC6A1	IGHV6-1	CSAG3	CSAG1	IGHV1-18	AC066694.1	MYL6	CS	MAPK1IP1L	CPA4	DCTN2	DCTN1	MARCH9	MIEN1	NUTF2	FAM200B	NEK6	PAN2	RN7SK	STAT2	TSFM	PRL	DTX3	AP003041.1	PEA15	RP11-977G19.5	CNPY2	CTD-2314G24.2	GOLGA7	TPGS2	OST4	DYNLRB1	NABP2	CTAG1A	CTAG1B	MTND2P28	DDIT3	RBMX2	KIAA0556	AL132780.1	GNB1	AL662801.1	RNF41	RNU6-112P	IGKV1-27	IGHV4-59	METTL21B	NMT1	IGHV3-49	TMSB10	COQ10A	KIZ	ARMCX6	SNHG25	PDZD11	NEAT1_2	AGAP2-AS1	IGLV1-44	SNAP29	FAM127B	TSPAN31	PIP4K2C	METTL1	CTAG2	AL109927.1	TUBGCP3	PSMB2	RP11-478C6.4
TH34_1415_S01-pandisease	SFTPD	MIRLET7D	TIMP1	SFTPC	LINC01393	RP11-343H5.4	AGER	HBB	STXBP5-AS1	MMP23B	NAPSA	SFTPB	LA16c-361A3.3	SFTPA2	SFTPA1	C5orf46	LUC7L3	CTSL	Y_RNA	AL132780.1	CTB-134H23.3	FLRT2	MEG3	SULT1E1	GK	PDE8B	KIZ	HBG2	COLEC11	EME2	RP11-1212A22.4	BCHE	NPTX2	SEPT4	CRH	ICOSLG	PHLDA2	CH17-232I21.1	AP003041.1	DIO3	PLXDC1	TRH	VGF	AL662801.1	CCDC3	CTD-3214H19.16	CLEC11A	ABTB1	ETV4	HMOX1	MYBPC2	SHISA3	PCDH18	EHD3	POLE	DLK1	DIO3OS	FLT4	SCGB1A1	PTX3	CBLN2	ADGRB1	RP4-765C7.2	RP11-82L18.2	SULT1A1	COL9A1	DLL4	MAPK8IP3	KCNJ8	NEAT1_2	MTATP6P1	CTD-2308N23.2	MIR671	SYCE1L	RP11-323N12.5	SCARA5	PEAR1	UACA	RGS5	NPIPB3	LINC01164	CROCC	PTGIR	TNFRSF11B	HBA1	HBA2	SNHG25	SCGB3A2	ABCC8	SLC1A6
TH34_1444_S01-pandisease	HIF3A	SMARCC2	IFFO2	MOV10	UBE2Q1	ZDHHC12	GTF2IP1	MEN1	SMARCC1	SRSF11	SRSF10	SEC23IP	TYK2	SMG7	DLG5	APBB2	AKT1S1	ZC3H14	DMPK	KDM2A	ZC3H18	ZSWIM8	ABCD4	PIK3R2	ARHGEF10	LARP1	PLEKHG2	SLC38A2	WIPI2	ARHGEF19	ZDHHC18	FXR2	SMARCD2	TMEM184B	IFT122	TPM2	UCKL1	WHSC1	LRP5	PARP10	TEX2	PTEN	PRR14	TCF12	SPPL2B	CENPV	TSG101	PTRHD1	CTC-435M10.3	LSM14B	CELF1	GTF3C2	EDC4	BAZ2A	SEMA4B	ATN1	WDR11	DMAP1	KSR1	GTF2I	MAPK1IP1L	CCDC57	FAM133B	SENP2	RHNO1	PPP1R10	AKT2	COL4A2	VEGFC	SLC35D2	CNTFR	KIAA0907	GART	NUFIP2	UBALD1	UBALD2	GOLGA8Q	TMEM8B	ZNRF1	C5orf15	SH3D19	ZDHHC8	ZC3H3	SGIP1	PRDM2	ATXN2	GIGYF1	ACP2	TLE2	RP11-65I12.1	WASH7P	PELP1	TSC2	PLA2G6	TMEM11	PRAME	NR2F6	ALAS1	RBM14	AREL1	TUG1	DYNC1LI2	SS18	NREP	SH2B1	RNF25	UBE2V1	CDCA7L	ALG13	TAF1C	SREK1	METTL17	CXXC1	RP4-555D20.1	SRRT	CIZ1	MGRN1	NBEAL2	RBM5	TMEM259	WDR6	ARL8A	EMID1	PLCG1	ABAT	SCAP	CPSF7	CPSF6	DDX17	QKI	RP11-632K20.8	ATP13A1	RAI1	SKA2	XXbac-BPG252P9.9	CNOT3	CNOT2	SIPA1L3	CNOT7	TRA2B	LTBP3	ARIH2	IPO9	DMTN	ATG4B	SFSWAP	SH3GLB2	COPS7B	E2F4	IPO13	PRCC	MAPKBP1	SPIRE2	RP11-589N15.2	ANK3	MBD1	PPP1R13B	PNN	IGDCC3	EWSR1	SYTL3	HUWE1	TSPAN14	SF1	IKBKB	TNRC6A	NUDT21	ENTHD2	DAZAP1	ARHGEF9	ARHGEF7	NFE2L1	FNBP4	ARHGEF2	PLEKHH1	CCDC14	ESRP2	SLC12A6	Y_RNA	RELA	DYRK1B	MTMR3	CCNL1	EXT1	ACIN1	CREB1	LDB1	ARRDC1	NMT1	FIP1L1	KHNYN	CENPT	CNOT1	ARID1A	RP11-386G11.10	PAK4	XPNPEP1	POM121C	MSL1	FOXP4	ALG3	ZNF692	RP11-206L10.1	ADCY9	SLC29A4	TCF7L2	MTDH	GFER	BMF	CABIN1	ZNF608	KMT2D	AP003041.1	NCOR2	STK25	SF3A1	SF3A2	KXD1	LMBR1	INCENP	TCF3	CNOT11	TNPO1	BOP1	SCMH1	EPS8L2	BCAR1	NASP	SUPT6H	PPP5C	FBRS	VPS52	CLK2	CLK3	CREBBP	MCM2	FAM168B	HDAC6	GTPBP2	EIF2B2	KRT78	CERCAM	RCOR3	SMPD4	TRPC6	HAAO	RP11-1000B6.3	COASY	NUP62	SH3D21	RPS6KB2	RAB15	VGLL4	SUGP1	ATP6V0C	KIAA0430	SH3RF2	U2SURP	HN1L	AGAP3	EP300	TAOK2	ATXN2L	CNNM4	ACOX2	CRTC2	BABAM1	AC010641.1	LENG8	KIAA1191	ARHGAP9	SMN2	SMN1	GTF3C5	PHF12	SF3B4	IGF2BP2	USP5	MTERF4	NFYC	RABL6	SMOC1	SORBS2	FAM192A	RNF31	RERE	INPPL1	ATG16L2	DVL3	MBD6	MED14	CRACR2B	INTS3	PRKCH	PRKCD	COL9A3	EBF4	AP2A1	HBA1	ABCF3	CYTH3	HBA2	PBX2	RP11-274B21.2	DPH1	MAML1	FPGS	TUBG1	GPR137	GGA2	ARHGAP35	DCAF5	HTT	AC093838.4	M6PR	TGIF2	BPTF	TBX22	PPP4R1	PPIL2	POLR3E	RAPGEF2	APCDD1	FURIN	ZNF384	PPP1R2	DNMT1	BCLAF1	PRMT7	CCDC93	IRF2BP2	ENSA	MAGI1	MARVELD2	EIF4ENIF1	DMTF1	LUC7L3	GUSB	ZNF207	NF1	PNKP	IDH2	WNK1	R3HDM1	R3HDM2	PPP1R37	SETD8	CHERP	RP11-793H13.8	BRD4	SIDT2	SETD5	BRD2	ITFG2	RP11-295P9.3	SLTM	TCF7L1	PPFIBP2	KIT	SPEN	TTC17	FKBP1A	AC138035.2	RP4-669L17.10	ISG20L2	THOC2	GORASP1	MED25	HIF1A	MAU2	ARHGAP8	SEPT8	GLYR1	KIAA0195	SRSF5	KANSL1	SRSF6	PCNXL3	UBAP2L	SRSF2	NONO	ZNF76	PTOV1-AS2	VPS37B	RPH3AL	CARD8	FNDC3B	PARP6	CLUH	POM121	SUPT20H	PRKAB1	RP11-192N10.2	MIER2	ACSF3	AL662801.1	MAN2A2	BTNL9	LAMC1	PAX8	PHF23	TP53	UBE2O	MOGS	NYNRIN	LRCH4	STK36	RP4-669L17.8	TIE1	TFDP2	TFDP1	NADK	CIC	OXA1L	H2AFY2	PTK2	RHOT1	HP1BP3	SH3GL1	BCR	EHMT1	STRN4	ARHGAP22	ANAPC5	PKNOX1	AKAP8L	ANAPC7	OBSL1	MARK3	ARHGAP27	FAM160B2	CTDSP1	CPSF3L	PDHA1	RP11-680F20.12	ZBED5	ACSS1	TTYH3	WAC	SMTN	PRKAA1	CS	PAWR	OSBP2	MAEA	PYY2	PAX8-AS1	GSTM4	BEND7	TBC1D9B	TP53I11	FARSA	MYO19	ZMIZ2	ASAP2	SARS2	NECAP1	WASH5P	ROGDI	MPRIP	MPDU1	TEAD3	BCL9L	ANKRD11	KLF13	MINK1	MLLT1	EIF4E2	NPIPB3	NPIPB5	NPIPB4	SP1	SUOX	GYLTL1B	KMT2C	SLC44A2	RSPRY1	KMT2E	ZBTB7B	PIGL	MEST	MCM5	MCM4	TP53BP1	PPP6R3	NUMB	PPP6R1	INO80E	UBE2S	ARID3A	MZF1	SRRM1	SRRM2	TIA1	POGZ	YY1AP1	BCL9	TOM1L2	COL6A1	COQ4	ATF6B	ILF3	PROM2	FAM160A2	HECTD4	RP11-834C11.4	LYPLA1	PSMF1	AKT1	PUF60	PROSER1	MROH1	OGG1	AHDC1	C19orf43	SLC39A14	TESK1	GSE1	MKNK2	PHC1	TTYH2	GOLGA7	PTBP1	NECAB3	PXN	ENTPD6	SCAMP2	C20orf27	FBRSL1	ZNF362	SAFB	TLE6	CSNK1G2	SMAD3	IP6K2	FAM193B	ZNF444	NKIRAS2	PCGF2	EIF4G3	EIF4G2	H2AFX	H2AFY	WDR59	GOLGA8R	GOLGA8M	DDX5	GOLGA8O	GOLGA8N	LINC01002	RNF4	LINC01001	CCNK	FOXK2	TRIM33	ZWINT	PHF21A	RASSF4	RP11-1212A22.4	SLAIN2	DEK	DNM2	KLHDC4	CHD2	RAF1	FAR2P1	THBS3	PILRB	TMEM180	NOL4L	GRAMD4	IL22RA1	NPEPPS	TOP2A	SIRT2	RAB7A	KIAA0368	RNF44	CNTD2	WASH6P	MIA3	SCGB1A1	F11R	GSK3A	CDC27	G6PD	AAK1	ADGRA3	RBM25	RBM23	RNPC3	SGSM3	FAM111A	ALAD	RAD23A	TMEM189	JAZF1	AL442127.1	HNRNPH1	HNRNPH3	LINC00665	IKZF4	MTG1	SHKBP1	NCOR1	VLDLR	RAB8A	OGFOD3	CGN	TBC1D4	GCN1L1	MAPK3	PPP1R12A	FUBP3	PML	MAPK8	SNRNP70	HNRNPD	PI4KAP1	PI4KAP2	SLC20A2	AKAP17A	FAM49A	PRUNE	DCBLD2	ZNF219	RDX	MLXIP	BCOR	ABI3BP	HNRNPUL1	MAPK8IP3	GLB1L2	ANKZF1	DICER1	SEMA3D	SOS1	SREBF2	PIAS1	PITPNM1	PIAS4	PSMB2	KCTD3	AUTS2	NUMA1	KALRN	GTPBP1	RBM12	STAG3L5P-PVRIG2P-PILRB	CACYBP	DGKZ	CPNE2	SLC9A3R1	GCLC	KCNK3	BRPF3	UBE2G2	NACC1	MTA1	ULK3	PABPN1	TRAF4	TRAF7	USP10	FBF1	ST5	MARK2	NAGK	FAM63A	SBNO2	CWH43	TARBP2	UPF3A	CHD8	ATF5	SIGLEC7	TBC1D10C
TH34_1445_S02-pandisease	UBE2Q1	BPTF	ACTG1	SUMO1	RIC3	SPRED3	FAM95B1	SRSF11	FKBP2	DBN1	LTBR	SMG7	KIAA0907	PPP1R2	BCLAF1	CAPN5	TRPM8	RELA	MTMR4	ZSWIM8	LUC7L3	AL603831.1	DDX3X	PRRC2C	P4HB	ARHGDIA	CTSD	MEG3	NMT1	CNOT2	BRD4	TESK1	FAM193B	DGKA	SLTM	CCDC82	DDX42	PKDCC	TRA2A	MSTO1	GRB2	PSMC6	MTRR	LINC01002	XPNPEP1	IGF2	CLEC2B	ISG20L2	FOXK2	NKX2-2-AS1	ODF2	METRNL	SDK2	RP1-261G23.7	CRTC2	SFXN3	PGS1	CEP95	SRSF5	THEM4	SRSF1	UBAP2L	DDX5	AP003041.1	THBS1	AC132217.4	FAM104A	PPP1R9B	EPHB2	H19	RAB7A	MAPK1IP1L	IGSF9B	FAM133B	ACSF2	RP11-159D12.5	AL662801.1	PMEPA1	SENP2	VEGFA	MIA3	EPN2	ING1	PHF23	SNX12	CIZ1	TLK2	SPG20	STRADA	FBRS	UBE2Z	IPO9	FPGS	CLK2	CLK3	DMWD	EMC6	ZNF337	CHAD	FNBP4	RCOR3	MAGEC2	HNRNPH1	GON4L	NPLOC4	CBX4	RAB8B	HMGN1	RPS6KB1	GOLGA2	RBM12	MARK3	RABL2B	MORF4L1	HMGA1	AGAP1	GGA3	GGA2	PTPN12	RAD51C	ERO1L	LMO1	PIP5K1A	RSRC2	ERF	COL13A1	PITPNM1	LPAR2	GATAD2A	LENG8	CIC	CDH19	ARL8A	HSPA1A	NGFR	BCL9L	CTSL	PSMD12	ALDH1A3	PDLIM7	MMP15	PCBP1-AS1	CTHRC1	FIP1L1	NACC1	ASNSD1	TRA2B	INTS3	CBWD3	ZC3H7A	PTEN	FCRLA	MEF2D	BMI1	TANC2	RNF31	TP53BP1	GTPBP2	COL9A1	NRP1	RP11-274B21.2	EIF4E2	EXOC7	ATXN2	LGALS8	SMTN	POGZ	MAP3K12	MBD6	PNN	WIPF1	M6PR	CACNG5	PRKAR1A
TH34_1446_S01-pandisease	FP325317.1	NEAT1_1	FXYD5	PODXL	RP11-809N8.5	MIA	EPHA3	SNX1	PPFIBP1	MIR671	RP11-698N11.2	C2orf82	CC2D1A	UCN2	DKK1	ALDH1A3	APOD	MTND1P23	MT-ND5	THBS4	SNTB1	SLCO4A1-AS1	AP003041.1	RP11-156L14.1	FCRLA	TRPM8	CNTNAP3B	RP11-380M21.2	TRPV4	PHLDA2	KLF2	RP11-3L21.2	ITGB3	EHBP1L1	SOD3	MT-CYB	MRPS6	RNA5SP244	AL132780.1	AL662801.1	SPHK1	RP5-857K21.7	SLC26A2	CD55	COL22A1	MFI2	ST8SIA5	SERPINB2	PODNL1	CNIH3	LGI4	NEAT1	PLEKHG4	GSN	AL442127.1	MICALL2	CTHRC1	RP5-857K21.11	TESC	COL13A1	GDNF	FST	MTATP6P1	AQP7P1	COL12A1	RP11-323N12.5
TH34_1447_S01-pandisease	SCFD1	STK19	HSPA4	DDX56	NELFE	FKBP4	ANP32E	RARS2	SEMA4C	SLC50A1	OARD1	BOD1	RPF2	MRPL52	ZC3H18	HBS1L	METTL17	OSGEP	TCOF1	NSRP1	RNASEH1	NUP93	MEG3	DBNL	MITD1	SCNM1	SAP25	HMGN3	MX2	GTF3C2	POLR1C	GTF3C6	EDC4	DUS1L	WDR43	WDR46	WDR12	MAGI2-AS3	AC132217.4	PSMG1	PSMG3	CCDC58	LINC01420	GARS	SPDL1	DNAJC7	PSMD11	DNAJC2	PSMD12	EMC9	ECHDC1	ACP1	ASH2L	KIAA0586	TAF11	POLB	TAF15	COL2A1	MPHOSPH6	NEDD8	NDUFV2	TMEM11	PRAME	TMEM18	NT5C3B	CHMP4A	C14orf119	SS18	CABYR	NOL8	BPHL	RNF25	NOL7	ALG13	LTV1	GEMIN2	NTS	HMGB3	PSMD4	PSMD7	FLAD1	PSMD3	WRNIP1	ARL16	CTSL	CPSF3	CPSF2	ERAL1	CAD	DDX10	MAD1L1	NIF3L1	DDX18	SKA2	CNOT3	FIP1L1	CNOT7	TRA2A	PSMC6	CBWD7	CBWD5	CBWD3	CBWD2	CBWD1	MDC1	ADAT1	ATG4B	PSMA3-AS1	TRIP12	COPS7B	SNW1	CFH	MALSU1	ZNF544	NCL	NRBP1	PNN	MAGEA9B	EAPP	WDR75	WDR74	GRPEL1	GNPDA1	NUDT21	MIR503HG	EIF3B	EIF3G	RARS	NOL10	WT1	MRPL32	IMP4	STRA6	ACIN1	DFFA	BAZ1A	PSMC1	THOC3	SYNCRIP	IAH1	SLC2A3	MRPL45	C14orf166	PLAGL1	FOXP4	COPS3	SNX8	GGCT	SMARCE1	EXOSC3	EXOSC1	GTF2E2	CCNE1	FTSJ2	FTSJ3	FTSJ1	SF3A3	TARS2	NUDT1	CNOT11	HOXA-AS2	NASP	SUPT6H	FBRS	TMEM214	EEF1E1	RALA	SSB	NUTF2	EIF2B4	QPRT	NOC2L	SNRPA1	PRPF40A	RPS6KB2	AAMP	HNRNPAB	DDX19A	DDX19B	UTP18	DPAGT1	RP4-765C7.2	YKT6	TES	PPAN	PIP5K1A	STX4	SMEK1	ZBTB8OS	HOXA9	SF3B5	SF3B6	MSH5	SF3B3	SLC5A6	RNF31	SNHG15	ELAC2	HSPD1	MTX2	DNAJC11	NANS	CCT6A	LSM8	KRI1	ATAD3A	SUPT16H	LSM5	HEIH	PBX2	CHD1L	DDX27	FAM126A	TIMM44	TOMM40	TRAPPC2B	TXNDC9	PPIL1	POLR3D	DUXAP8	DUXAP9	TXNDC5	TOMM6	FAM50A	PRPF31	BCLAF1	RP11-632C17__A.1	ENSA	SETDB1	ATPAF2	HUWE1	TRIM28	PRMT5	BRD9	GPATCH4	SNRPD1	LYAR	ZNF274	EME1	RNF212	RRP9	METTL5	NOP16	ARHGAP4	SEPT6	EIF5B	PRPF3	PPM1G	ABCF2	ABCF1	SUPT7L	NONO	RBM34	ELFN1-AS1	RP11-14P20.1	FAM98A	PDCL3	SEC13	CDK11A	CDK11B	PARP1	ZNF580	MRPL2	PARP2	BRE	MRPL9	UBE2M	ID2-AS1	ZPR1	LRCH4	UBE2S	TOP3A	AGBL5	YY1	OXA1L	DACT1	DNAAF5	VPS45	RBM8A	CTPS1	UTP11L	PSMA6	FLII	MORF4L2	PDHA1	TWIST1	GALE	MTERF4	UCHL5	RAD51C	EBNA1BP2	NAA10	RRP36	PBDC1	PREB	FARSB	SRP68	BLMH	MYO19	PPIH	FAM136A	ZMIZ2	PREP	PPIA	HARS2	TIMM9	CYCS	ALDH1A2	ZNF814	MRPL30	ERVK3-1	APEX1	HNRNPA2B1	IK	PPP6R3	PPP6R1	INO80E	RDH14	FOXC1	NDUFS6	ILF2	TM2D2	NGDN	AFG3L2	DHX16	CXorf56	ZNF787	MRPS9	MRPS5	ZNF444	PTMA	MAGED2	C1orf35	CCDC86	DDX5	CHTF8	CCNC	ELP2	DES	TBRG4	SSU72	ATAD3B	ICT1	FAM177A1	MSTO1	CHD8	RP9	BRMS1	MRPL11	RHNO1	POLR2D	PAK1IP1	MIA3	GET4	SEC23A	AP1G2	ADGRA2	TOX4	IPO4	TFPT	RBM28	KDM1A	HNRNPH1	CDC37	HNRNPC	REEP4	NIFK	PFDN6	NUB1	HMGA2	CLPTM1L	GGA2	SEMA3A	FHOD1	ID2	STOML2	RP11-423H2.1	PSMB5	PSMB4	COA1	PTH1R	UTP6	YAE1D1	U2AF2	SRP54	CRABP2	CD163L1	GMPR2	ACOT13	PABPN1	DNMT3A	GTF2H4	DMKN	GPC3	SSBP1	SNRPC	DAZAP1	RPL26L1	UPF3B	DKC1	ARF1	SLC4A1AP
TH34_1452_S01-pandisease	HSF1	SNORA22	MYO19	FN3K	REXO1	TPBG	SRSF11	FKBP2	L1CAM	CACNA1H	CACNA1I	KIAA0907	ADAMTS2	FMNL3	NFE2L1	SFSWAP	RP11-242D8.3	TESK1	RP11-616M22.12	SLC12A7	PTP4A3	DKC1	NUP214	RELA	DYRK1B	METTL17	TTLL10	FAM131A	OSGEP	NSRP1	Y_RNA	SP2	PER1	NR2C1	BRINP2	INPP5A	PCGF5	UCKL1	USP5	RP4-613B23.5	RP11-386G11.10	CTD-2545G14.4	ANGPTL6	ADGRG2	GUCY1B2	TSNARE1	CCDC84	PRSS35	WNT7B	MYO3A	WDR90	HMGN3	FBP2	MAMDC4	RNF212	CRTC1	CRTC2	ARHGAP4	BAZ2A	PNMA3	PRRT2	CHKB	ADAMTSL2	CHD5	ADAMTSL4	DDX5	DGAT1	USP40	AP003041.1	PLCH2	UNC119	CTD-2537I9.12	DIO2	TNS1	DLX1	GNG3	ZNF185	RAB7A	RP11-618K13.2	AC008623.1	EPHB4	FAM118A	ACSF3	AL662801.1	CTD-2587H19.2	RIMKLB	GALNT9	SCMH1	ZNF589	RP11-223I10.1	LMX1B	ABTB1	ASPSCR1	NOTUM	SRRT	PPP1R2	ST8SIA2	XAB2	FBRS	CASKIN2	FBXO31	RNPC3	RP11-158M2.3	HES3	CDKAL1	CIR1	HDAC4	RP13-870H17.3	TBX1	ADAM33	SH3BP2	CBX8	NOL4L	STAT2	ZNF385C	MTA1	CACNB1	TPSG1	ADAP1	RBM17	ELL3	TSPAN33	FOXG1	ELN	MTSS1L	COMP	CELSR3	C17orf85	AC009065.4	WDR60	SRPK3	GPR153	MAP2K3	ZFYVE21	ANKZF1	ITFG2	IDUA	GAREML	MICALL2	RP11-138I1.4	CYP27C1	PRKACA	MCMBP	ZDHHC8	CIZ1	LENG8	CASZ1	GPSM1	RBM6	RP11-575L7.8	PRDX5	MSH5	MTERF4	TLX1	CORO1B	DOC2B	TRMT2A	BMPER	RP13-766D20.4	BCL9L	CAMSAP3	P2RX5	RNF31	SEL1L3	RAP1GAP	IDH3G	GAS8	NAA40	SLC9A3R1	RGL2	MLLT1	KCNK3	DPP9	NPIPB3	MBD6	PCP4L1	PLXNB2	ECEL1	RP11-1246C19.1	MUC1	SRSF5	INTS1	LTBP3	KRI1	TTLL3	MSI1	MDC1	CROCC	MYO15B	U2AF1L4	GOLGA2	FPGS	AL603831.1	PBX2	ANKRD65	RP11-274B21.2	EXOC7	PCBP1-AS1	CERK	ASNSD1	PNN	WIPF2	MYO7A	GLCCI1
TH34_1455_S01-pandisease	HSF1	ZDHHC17	IFT27	IFT20	NCBP1	PPAP2A	TMCO1	ARMC3	CH17-232I21.1	HIPK1	CCDC146	AC159540.1	SQLE	SMG7	SUPT5H	COPRS	PRNP	C14orf159	ZC3H14	LSP1	DOC2A	GALNT16	NPR2	WRB	PRR29	SLC38A3	SCCPDH	CRB2	IWS1	FXR1	RP11-424M24.5	DFNA5	IQCG	IQCD	LMNTD1	CEP83	CXCL12	CNDP2	STRBP	TEX9	TUBB4B	EIF2D	FAM183A	AKAP9	TCF15	ZSCAN18	COLEC12	STK38L	ARHGAP18	ATP6V1D	LGR6	HMGN3	ALDH3A2	ALDH3A1	TP73	AC027612.6	DNAI1	DNAI2	WDR49	CETN3	CETN2	AC132217.4	DYNC2LI1	FOXJ1	IFT74	DPCD	TMEM123	CCDC57	SENP6	C9orf72	SENP2	RP11-863K10.4	CBY1	LRRC74B	ZDHHC1	RPS6KA2	ERLIN2	CALM1	ZNF423	FLNB	EFCAB1	C9orf116	C8orf34	EFCAB2	SDCCAG8	MIR34C	GOLPH3L	TNFRSF10B	AKAP14	CCDC181	CCDC180	EFHC1	IRF2BP2	CRYZL1	DNALI1	LLNLF-187D8.1	TM9SF1	CMSS1	TM9SF2	DDB1	ERICH3	P4HTM	C15orf26	LAMA3	OSCP1	PSMD9	CEP41	SS18	ALDH9A1	FRMPD2	LEF1	WDR60	YAP1	SREK1	GEMIN8	NME7	C6orf118	AK1	MICALL2	AK7	CCDC113	SPAG16	SPAG17	MDH1B	ABCA5	C4orf47	MLLT4	SRRT	SWI5	ZMYND12	ERBB2	RBM5	LAPTM4A	FLCN	TMEM254	CFAP126	CAT	PDDC1	SLC40A1	BIN3	CCDC42B	IFT80	GAS8	ANKRD42	NUDC	ESYT1	IFT88	SKA2	DYNLRB2	LRRIQ1	PRKRA	HSD17B4	TTLL4	TTLL7	LTBP1	UXS1	CD46	TTLL9	LINC00094	FAM216B	ABR	PSMA3-AS1	TOB1	PLA2G4A	DEDD	SNW1	EXOC5	IFT172	IFT81	DZIP1L	CA4	WDR78	MAP3K12	MAP3K19	DNAL4	EWSR1	DNAL1	RSPH4A	AHCTF1	RPGR	CFAP70	ANKRD13D	RIBC1	SF1	IKBKB	IQCK	LRRC43	TNRC6C	LRRC46	SLC25A17	LRRC48	FBLN1	UBXN10	UBXN11	CFAP69	ADAMTS2	CFAP61	ROPN1L	FGFR3	SLC12A4	TEX26	C5orf49	CCDC13	C5orf45	HDGF	KNDC1	CCNL1	MORN5	TSNAX	IFT57	DPY30	HAGHL	RAMP2	CCDC153	FAM92B	TNFRSF25	GOLGA2P5	SLC41A1	ZC3H11A	MORN3	DZIP1	RFX2	PLEKHA5	C16orf93	MTRR	WFS1	STRADA	CLUAP1	PDXK	CYB5R1	KCNG1	ARFIP2	COLQ	PPOX	MYCBPAP	VANGL2	CEP95	YPEL5	JKAMP	NEK4	NEK5	RUVBL1	RP11-445L6.3	ADAMTSL4	RUVBL2	CYB561	AP003041.1	C11orf58	IQCA1	DRC7	TRAF3IP1	DRC1	SLC46A1	IGF2	TCF7	PODN	NUDT5	CCDC162P	BCO2	BOP1	CCPG1	COL16A1	DYNC2H1	C14orf79	DNAH2	DNAH3	DNAH1	DNAH7	PPP5C	FCF1	DNAH9	FBRS	NEIL1	CIPC	COX11	CLK2	TMEM218	SSB	EPHX2	PI4KB	EMD	TMEM138	CCDC40	GPBP1	RNPEP	FAM81B	MALAT1	ITIH5	KIF19	MLF1	CYB5D1	IFT140	FASTKD3	SNCAIP	RSPH1	C1QBP	DNAJB4	ENKUR	WDR27	TMEM150C	USF1	TTC29	C1orf158	TTC25	TTC26	CADM1	IGHA1	PPP1R12B	MTMR11	RABL2A	U2SURP	SPATA33	RABL2B	PARD3	C11orf88	C10orf105	LRRFIP2	CSPP1	SMEK1	RAMP2-AS1	AMIGO2	STAG3L5P	USP8	GRSF1	PRDX5	MRPS14	SMARCA1	ANKRD29	SORBS2	FAM219B	TRDN	RERG	CEBPG	ZNF3	MZF1	ADCK4	SUN1	FAM229B	XPR1	ATXN2	INTS3	XPO1	PHYKPL	COPA	RUFY1	NR4A3	NR4A1	GALNS	CROCC	SYNGAP1	CASC1	PCNXL4	MGAT5	PBX2	WDR73	CHD1L	MEAF6	KATNB1	SLC16A4	CSTF3	CUL4A	RNU5B-3P	RPL32P3	TCTEX1D2	TCTEX1D1	DCAF8	PPP1R42	ACADVL	DYNLL1	RAB4A	ZFR	PRPF4B	FBXO15	FAM187A	C7orf57	PPIL4	PPIL6	GGPS1	ATP2C1	MNAT1	DNAJB13	PPP1R7	SYTL3	SPG20	CCDC93	PLA2G6	CLN5	ENSA	WDR63	ZNF473	WDR66	CUL3	SPEF1	FAM131A	SPEF2	PNKP	C1orf228	LRRC6	CCDC78	PASK	CFAP74	BAALC-AS1	PPP1R32	GNPAT	MDM1	NQO1	TMEM107	LRRC71	PCYT1A	NME5	DNAJA1	MORN1	DZIP3	PLD2	MORN2	SLTM	MAATS1	NME9	MYCBP	ZNF273	TTC17	PIP5K1A	RP4-669L17.10	IFT43	IFT46	C16orf71	AKNA	UNC119B	C4orf22	FAM98A	C2orf81	PYCR2	GLYR1	ARHGAP5	PITPNA	B9D1	SRSF5	IARS2	SRSF6	HSPH1	SUPT7L	TEKT1	CTC-260F20.3	KIF9	PPM1J	ZBBX	MKS1	PTK2B	USP21	RBM38	GEM	SLC39A12	DALRD3	BECN1	C20orf96	FRZB	SMEK2	AL662801.1	ZC2HC1C	HSP90AA1	SRXN1	FAM174A	PTCD3	MOK	STK33	STK36	GLB1L	AGBL2	ODF3B	CAPS2	DNAAF1	DNAAF3	DENND6B	ADGB	SNX14	ADIPOR1	CD84	C21orf59	FHL1	CYB561A3	FAM160B2	C6	P3H2	CCDC39	CCDC33	CCDC30	LRTOMT	CCDC37	CCDC34	SLFN13	CATIP	RP11-263K19.4	GALC	EFCAB10	EFCAB12	CFAP36	NT5DC1	ENKD1	FAM92A1	NEAT1	KCNH3	AKIRIN1	CAPSL	SPIN1	CROCC2	RP11-620J15.3	CHURC1	CAPN10	C9orf135	HMGN2P15	STX16	COL21A1	WDR19	PPID	STIM1	HMGXB3	LIMK2	CCDC74B	CCDC74A	ECM2	PEX19	MOSPD1	RP11-356K23.1	MAP6	ZMYND10	C11orf97	MICU2	DYDC2	CHORDC1	CLEC3B	CFAP47	CFAP44	CFAP45	MLLT1	SON	RMST	DAAM1	NRG2	FANK1	SLC47A2	CFAP52	COL18A1	MSI2	MNS1	IK	GOLGA2	TP53BP1	WRAP53	DUSP14	FHOD3	FAM53C	RP11-259K15.2	PACRG	C10orf107	IMPA1	CCDC170	CRIP1	FAM166B	CCDC176	WDR38	POGZ	GLT8D1	COQ4	C14orf142	RGL2	DNAH11	DNAH12	ZRANB2	TTLL3	LYPLA2	SRP9	LZTFL1	PIH1D2	PIH1D3	LYRM1	RP11-503N18.1	KIFAP3	DYX1C1	BOC	ENOSF1	SPINT2	ATXN7L3B	LCA5L	CEP126	NSMF	ANKMY1	TPPP3	CH17-13I23.3	PHC1	PPP1R16A	PTBP1	ZNF664	STK11IP	SCAMP4	EHBP1L1	DNAJC10	SPAG8	SPAG6	C9orf24	ENPP5	RIIAD1	SPAG1	DLEC1	NXN	IP6K3	UBR5	CAB39L	CCDC89	WDR54	KCTD17	CCDC81	RSPH10B	C9orf171	NPHP1	DDX5	EXD3	TEKT2	DTHD1	CCDC114	RSPH10B2	WDR26	CCDC65	NIT1	RP11-14N7.2	KRT5	ANKRD54	HR	PCM1	SVOPL	KIAA1407	SLC25A37	KLHDC9	TMEM110	PSENEN	PNMA2	RIBC2	NEK11	C9orf9	PLXNB2	KIAA0556	ASXL1	POFUT2	TCTN1	FAR2P1	THBS3	TEKT4	IGF2-AS	SDC1	SCX	GRAMD4	RNF220	IFT122	AMT	SIRT3	ODF2	SPATA17	FAM118A	SPATA18	RNF43	TTC8	CAPS	LINC01002	RIMKLB	MIA3	EFHC2	AKR7A2	ANKZF1	F11R	TRIM41	TMEM67	HADH	LRRC17	TMEM50B	TKFC	CFAP99	RBM24	RBM25	POMT2	AASDHPPT	CIR1	AC055736.1	MAPK15	MAPK10	GON4L	HNRNPH2	UFC1	ARMC4	HYDIN	CCDC103	CAPRIN1	ANKRD45	CCDC108	C6orf165	SPA17	C11orf70	C11orf74	CLHC1	DUSP3	ELN	USP2	MINA	ICA1L	SYNC	CC2D2A	PLCD1	TSNAXIP1	SYNE1	SYNE2	FHAD1	VWA3B	VWA3A	GLB1L2	CFAP46	VPS39	WDR92	ANKRD66	WDR90	STOML3	PAIP2	PIAS3	PIAS1	PITPNM1	TMEM234	TMEM237	TMEM231	CFAP57	CFAP221	TMEM232	PFKFB2	AUTS2	ARL1	LRRC23	PIFO	CCDC24	ZNF326	C9orf117	ACAD11	RAB36	PRPS1	NRAV	TARBP1	AHDC1	STPG1	DAW1	XXbac-BPG308J9.3	SIN3B	FAM179A	LONP2	ODF2L	HDLBP	DMKN	YJEFN3	TVP23B	FBF1	SNTN	SSBP3	ARMC2	SSBP4	C1orf194	SAXO2	PLEKHG5	BBS1	RP11-545G3.1	RP4-717I23.3	BBS5	BBS4	CFAP53	TTC21A	C8orf76	TCTN2	TSGA10	CFAP43	PTPRM	FOLR1
TH34_1456_S02-pandisease	HIF3A	SMARCC2	SYNPO	SUMO1	MNT	MOCS2	MFAP4	SRSF11	FENDRR	MT-ATP8	DMPK	ARHGEF10	NSRP1	Y_RNA	SP2	GATA2	AKAP2	RP4-613B23.5	CLEC2B	SNAP29	ARHGAP17	PRR14	RP11-159D12.5	GPM6A	RP11-1100L3.8	TNFSF12	RAB6A	BAZ2A	EDNRB	MAGI2-AS3	UACA	KSR1	DYNC2LI1	TBC1D2B	FAM133B	SENP2	SLC39A8	PPP1R10	HLX	GIT1	MYZAP	VWF	ATXN2	MYH11	SMAD6	SNORA44	WASH7P	MKRN1	SDPR	NR2F2	RP11-466H18.1	RBM17	ADIRF-AS1	LAMA2	LAMA3	HERC2P9	CHRDL1	WDR60	TAF1C	LMO7	NTM	CIZ1	ABCA8	MORC3	ZMYND11	ERG	SH2D3C	CPSF7	C15orf52	ARHGEF15	FRG1	HERPUD2	KLF6	RAI2	ST7	SLIT2	CNOT3	APOL3	MDC1	DMTN	SFSWAP	TRIP10	PHF21A	CA4	ITLN2	MBD6	PNN	SPG11	SFTPD	IL1RL1	SFTPC	NTAN1	CCRL2	REXO1	NOSTRIN	FBLN5	NFE2L1	FNBP4	ARHGEF2	PLEKHH2	CCDC12	RELA	CDH5	CLDN18	MTND2P28	ASNSD1	SFTA1P	RAMP2	LDB2	CGNL1	TERF2IP	NMT1	CENPT	RNF19A	HSD17B4	MAX	LEPROTL1	SPTAN1	DHX38	PLA2G1B	LAMB2	FAM189A2	AP003041.1	CDC42BPG	CAMTA2	SF3A1	KXD1	TNS2	TNS1	PPP1R9B	PPP1R14A	FIGF	ARGLU1	BCAR1	MARC2	EPAS1	FBRS	CH17-219N22.1	CLK3	RALA	HDAC7	ZNF331	KIAA1462	LPCAT4	STXBP1	SH3BP5	SH3BP2	MXD4	CFAP20	S1PR1	FAM21C	FBXW4	SUGP1	FGD5	KIAA0430	GKN2	RP11-27M24.1	AGAP3	LAMP3	FRY	MCEMP1	TJP1	LRRFIP1	FAM65A	KIF1C	STX3	RSRC2	RTKN2	USP40	HOXA4	AC008623.1	LENG8	SMN2	SMN1	ADAMTS7P3	LCAT	ERCC5	MTERF4	EZH1	CTD-2562J17.6	CLIC5	UIMC1	RNU6-817P	ARHGAP44	ARAP3	PRR4	VIPR1	ZC3H7A	ZBTB4	SBDS	RGCC	CASC3	HBA1	PBX2	CTNNA1	RP11-274B21.2	NOTCH4	SCGB3A2	GPR137	MLXIP	ARHGAP35	WIPF2	DCAF8	SLC6A4	NISCH	AGER	GSAP	CLEC14A	FADS3	CAV1	PECAM1	GPS2	SPG20	MAP3K3	EML1	NEXN	EIF4ENIF1	MYRF	LUC7L3	FMO2	AQP4	TRIM25	R3HDM2	PER1	NR2C1	SLC25A27	FGFR4	TMEM100	ITFG2	ADCY4	PTPN18	ORMDL1	SLTM	PTPN12	INPP5K	TCF7L2	SNRPGP10	CRTC3	CRTC2	CC2D1B	SRSF5	SRSF4	RP11-386I14.4	ECSCR	UBAP2L	MAML1	EGR1	MEIS2	MEIS1	CARD8	FCN3	GBP3	EPN2	BTNL9	ZNF580	GIMAP8	GIMAP5	GIMAP6	GBP4	ARL8A	PCAT19	UBA7	MS4A15	GGNBP2	RASIP1	MYO1C	TBX2	TBX3	LHFP	SERPING1	TBX4	AKAP8L	SUSD2	BCL7B	KDR	EPB41L3	RPS25	WAC	APPL1	IL18	LIMS2	LRP5	PPP1R15A	COL13A1	ZMIZ2	ASAP2	STIM2	AC005154.6	NECAP1	WASH5P	AC002398.12	ROGDI	RBMS2	BCL9L	SPTBN1	KLF13	CLEC3B	CALCOCO1	NIPBL	SEMA6A	HSPB6	ANXA3	KMT2E	RP11-927P21.5	SLCO2A1	GTPBP1	NUMB	RP11-488C13.7	SRRM1	ZNF358	SRRM2	LINC01272	PDK2	KANK2	TOM1L2	WBP2	FXYD6	ERBB2IP	TMEM88	DHX16	WWC2	GRK5	RP11-242D8.3	DENND3	ARHGAP21	PHC1	CAPN2	SFTPA1	AL603831.1	FLI1	CACNA2D2	FAM193B	HYAL1	ROBO4	DDX5	MYO15B	ROBO3	CCNK	MACF1	ZNF219	RP11-1212A22.4	FAXDC2	CHD2	CHD8	TNXB	IGSF10	SRP14	UBXN1	RAB7A	ACVRL1	KIAA0368	RIMKLB	DAG1	FGF7	SCGB1A1	ANKRD29	WFS1	SPOCK2	IL17RE	HRCT1	FAM111A	FNBP1	CIR1	ACE	BTN3A1	FOSB	CYTH1	HNRNPH3	GRASP	HPGD	RAB8B	RAB8A	MAPK3	CITED2	SNRNP70	NFKBIA	MAMDC2	FERMT2	GGA3	GGA2	TCEAL4	ABI3BP	SYNE2	ANKZF1	RP11-498C9.3	SOS1	VIPAS39	EMP2	CD52	EOGT	HDHD2	RP11-433J22.2	EPB41L2	MIR675	BTN2A1	ZRSR2	UPK3B	ANKRD1	DGKA	PABPN1	CFL2	NDEL1	ATF7	INPP1	BBS2	UPF3A	NPIPA5	BCL6B	SELP	RP11-693N9.2	RP11-478C6.4
TH34_2293_S01-pandisease	SLC6A3	SFTPD	WWP2	HELZ2	SFTPB	SFTPC	TMCO3	PCSK6	AGER	DUXAP8	DUXAP9	SFTA3	SFTA2	DUSP22	SDF4	NAPSA	CCDC102B	ARHGEF7	CACNA1B	CBFA2T3	GOLGA2	SLC34A2	SFTPA2	FMOD	SFTPA1	TMEM52	UBE2G2	LIPA	FBXO11	ENTPD1	MUC4	NR2C1	IQCG	COL23A1	CHFR	SLC25A29	NKX6-2	LINC00982	CXCL17	PXYLP1	XAF1	CXCL2	CLEC2B	LHX5-AS1	DPP6	ZBTB21	STARD5	NFATC1	LINC01089	ATP9A	LL22NC03-N14H11.1	AL589743.1	KCTD10	CNTN4	ICOSLG	FLJ16779	C16orf89	WDR41	NEK3	SLC9A3	PLAC9	C4BPA	MFSD2A	QPCT	PLCH2	DMBT1	WSB1	NKAIN4	RP11-20I20.4	DPYSL4	TSPYL2	JAM3	AL662801.1	PGM2	BTNL9	GALNT9	COL4A1	ARGLU1	SDHAP1	RP11-231C14.4	ANAPC4	SCUBE3	ZDHHC3	SCUBE1	NOTUM	FAM150B	SFSWAP	VAT1L	EEF1E1	GAS7	FAM111A	MYOM2	CLDN10	SDCCAG8	CTDP1	SH3BP4	CHST1	PP7080	DLK1	ADAMTS14	DIO3OS	ITIH5	GAD1	BCAS1	HEYL	ASPN	SS18L1	CD86	TBX18	SUGP2	ADGRB1	ERICH1	TRIO	FAM159B	PMP22	EBF3	DLL1	LAMP3	RP11-1212A22.4	WFDC1	FOXL1	RGS12	SLC17A9	OMD	PLXNA1	TBCD	LRRN3	DIDO1	PKD1P1	RNF146	ARHGEF10	AQP5	PHF10	PHF11	C1QTNF6	NADSYN1	FRMD4A	AP3S1	MIR675	ATP11A	TESC	ANKRD11	RP11-488L18.4	PGC	TRAPPC2L	RGL3	TWIST2	ZNF83	NPIPB3	MLC1	NPIPB5	NPIPB4	LPCAT1	SIPA1L3	SYNDIG1	PDXDC2P	SLC6A13	RP11-295P9.3	SNCA	GALNS	PDIA2	IGHD	MGAT5	PASK	RASA3	ARSE	AGR2	CYB5A	FOXC2	TARBP1	SSR3	NPIPA8	NPTX1	NPIPA5	NPIPA7	NPIPA1	RP11-693N9.2
TH34_2351_S01-pandisease	TGM1	FXYD3	PTGS2	IFI27	TNMD	BPIFB1	ZFAND1	PLIN2	S100A14	SLC50A1	PI3	UPK1B	RARS	PERP	TCN1	FGFBP1	TRIM29	HK2	TRIM25	MUC1	ENPP2	EHF	TSPAN1	SERPINB3	SERPINB2	SERPINB5	SERPINB4	CXCL17	CXCL1	CXCL2	CXCL8	HBG2	SLC2A1	SFN	CNFN	MAL	RP11-927P21.9	KRT5	MMP13	SCEL	EPS8L1	KHDRBS3	PRG4	SFXN1	NDRG1	SPRR1B	KANSL1	CH17-232I21.1	TACSTD2	CLDN4	PGK1	RNA5SP265	FAM98A	SIKE1	LGALS7B	SPRR3	DSP	ATG12	LAMC2	SPRR2D	SCGB1A1	SPRR2A	IL1RN	HOPX	BCL2A1	IVL	SBSN	GABRP	KRT17	KRT16	KRT15	KRT14	KRT13	TMEM216	KRT19	AC055736.4	AC055736.2	AC055736.3	AC055736.1	NAMPT	WFDC21P	KRT4	IL1B	TMPRSS11D	WFDC2	MPZL2	FAM91A1	PPBP	S100A9	S100A8	KRT6A	ENY2	KRT6B	KRT6C	LY6D	BNIP3L	CSTB	CSTA	DSG3	CP	COL17A1	SLPI	ERO1L	F3	BPIFA1	KRTCAP2	A2ML1	RP11-423H2.1	STEAP1	PHF20L1	S100A2	NEAT1_1	LCN2	HMOX1	HAX1	S100P	HILPDA	LYNX1	KRT16P6	SPRR1A	ELF3	LAMB3	AQP3	TXN	LYPD2	LYPD3	TAC1	GJB2	PTHLH	PPL	RP11-543P15.1	SPINK5	IVNS1ABP	ANXA1	RPL12P4	TMPRSS4	C19orf33	CRNN	HBA1	RHCG	AGR2	MMP1
TH34_2410_S01-pandisease	ZCCHC12	FBXO18	ACADVL	PPP2R3B	OSBPL1A	FAM173A	MEI1	PGR	SLC47A1	MTND2P28	NPR2	HPCAL1	MAN2C1	HOXD9	Y_RNA	ATP1B2	HAGHL	PPP2R2C	HOXD3	MIR5047	CTSV	ADCY4	HYAL2	ROBO3	LINC01089	MIR1282	GFRA2	MYO15B	RP11-1100L3.8	MMP11	AFAP1L2	TMEM120B	BCHE	NPTX1	TMEM132E	PAGE4	C19orf60	COL27A1	TRAF3IP2	ZNF516	RP11-342I1.2	EPHB6	METRN	VGF	AL662801.1	CHST8	AP000349.2	ESR1	ANKRD19P	HOXD10	HOXD11	SLC22A1	HES4	TRIM7	RBM6	ADAMTS19	MDK	RP11-680F20.6	HOXA11	CDC37	CITED1	ADGRB1	MED25	EFNA3	IGSF21	ISOC1	EMX2	EMX2OS	EEF1A1P13	HOXA5	CRHR1	PTH1R	NEAT1_2	LCN6	IFITM2	MIR671	ALDH1A1	KCNK6	HOXD4	ABCB1	NUTM2B	ECEL1	DPP6	ENPP2	ATP1B3	AC034198.1	CRYBB2P1	VCAN-AS1	SNHG25	RP1-20B21.4	DKK1	WT1	ZBTB48
TH34_2411_S01-pandisease	RAB3IP	CKM	RP11-343H5.4	TNNC2	BPIFB4	TYK2	MARCH9	RP3-508I15.18	TSFM	AVIL	CRLF1	RP11-632C17__A.1	WASH3P	PLA2G5	SLC26A10	COX6A2	Y_RNA	RNA5SP244	AL132780.1	KCNF1	KLK4	MDM2	CCDC159	XRCC6BP1	KCNMB4	ZGPAT	YEATS4	LINC01481	RP11-571M6.17	ACTA1	CRELD2	MYL1	RP11-571M6.18	FRS2	RP11-785D18.3	TNNT3	YPEL3	CCT2	IGFN1	THBS4	AP003041.1	CYP27B1	OS9	AC096559.1	AL662801.1	FOXS1	MB	TSPAN31	MYBPC2	SDCCAG8	ACTC1	NEB	ADAMTS10	MMP17	SNORD89	RNA5SP216	RP11-588H23.3	CCDC101	MYH1	IPO13	TNFRSF6B	CTDSP2	RP4-765C7.2	RP4-583P15.14	AGAP2-AS1	ENO3	SH2B1	TCAP	CCL13	LIME1	METTL1	RP11-620J15.3	CDK4	CDK5RAP3	ARHGEF25	RP1-20B21.4	B4GALNT1	TMEM259	DTX3	EEF1A2	LCAT	MIR671	MAP2K2	MIR675	MYLPF	DCAF15	OCEL1	TNNI2	CNOT2	TPRG1	STAC3	FRG2FP	AC034198.1	METTL21B	ABCC10	SNHG25	MUSTN1	PET100
